80,,,,,,75,,,,,,72,,,,,,71,,,,,,70,,,,,,,69,,,,,,68,,,,,,67,,,,,,66,,,,,,65,,,,,,64,,,,,,63.5,,,,,,63,,,,,,62.5,,,,,,62,,,,,,,61.5,,,,,,61,,,,,,60.5,,,,,,60,,,,,,59.5,,,,,,59,,,,,,58.5,,,,,,58,,,,,,57.5,,,,,,57,,,,,,56.5,,,,,,56,,,,,,55.5,,,,,,55,,,,,,54,,,,,,53,,,,,,52,,,,,,50,,,,,,48
"12:03:19.830 -> Bx = -18.6000 µT, By = 259.2000 µT, Bz = 54.6920 µT",,,,,,"12:03:48.751 -> Bx = -14.1000 µT, By = 755.7000 µT, Bz = 23.2320 µT",,,,,,"12:04:18.961 -> x = -13.8000 µT, By = 1435.8000 µT, Bz = -15.9720 µT",,,,,,"12:04:45.415 -> Bx = -9.9000 µT, By = 1720.8000 µT, Bz = -25.6520 µT",,,,,,"12:05:10.618 -> Bx = 0.6000 µT, By = 1992.9000 µT, Bz = -27.5880 µT",,,,,,,"12:05:30.485 -> Bx = 5.7000 µT, By = 2207.1000 µT, Bz = -24.6840 µT",,,,,,"12:06:17.182 -> Bx = 45.9000 µT, By = 2320.8000 µT, Bz = -11.6160 µT",,,,,,"12:06:42.416 -> Bx = 69.0000 µT, By = 2323.8000 µT, Bz = 5.8080 µT",,,,,,"12:07:03.884 -> Bx = 90.9000 µT, By = 2216.7001 µT, Bz = 20.8120 µT",,,,,,"12:07:29.132 -> Bx = 100.5000 µT, By = 2068.2001 µT, Bz = 29.0400 µT",,,,,,"12:08:14.177 -> Bx = 109.2000 µT, By = 1906.5001 µT, Bz = 31.4600 µT",,,,,,"12:08:47.680 -> Bx = 115.2000 µT, By = 1841.7000 µT, Bz = 29.5240 µT",,,,,,"12:09:37.318 -> Bx = 120.6000 µT, By = 1790.4000 µT, Bz = 26.6200 µT",,,,,,"12:10:10.369 -> Bx = 125.1000 µT, By = 1754.7000 µT, Bz = 23.2320 µT",,,,,,"12:10:51.315 -> Bx = 129.9000 µT, By = 1737.0001 µT, Bz = 18.8760 µT",,,,,,,"12:11:39.697 -> Bx = 132.0000 µT, By = 1739.7000 µT, Bz = 13.0680 µT",,,,,,"12:12:07.004 -> Bx = 136.5000 µT, By = 1758.9000 µT, Bz = 8.2280 µT",,,,,,"12:12:40.876 -> Bx = 140.7000 µT, By = 1797.9000 µT, Bz = 5.8080 µT",,,,,,"12:13:06.533 -> Bx = 149.1000 µT, By = 1848.6000 µT, Bz = -0.9680 µT",,,,,,"12:13:27.601 -> Bx = 158.4000 µT, By = 1920.9000 µT, Bz = -5.3240 µT",,,,,,"12:13:47.033 -> Bx = 181.5000 µT, By = 1999.2000 µT, Bz = -6.7760 µT",,,,,,"12:14:18.901 -> Bx = 190.5000 µT, By = 2082.9001 µT, Bz = -7.7440 µT",,,,,,"12:14:56.076 -> Bx = 205.5000 µT, By = 2161.2001 µT, Bz = -6.7760 µT",,,,,,"12:15:19.238 -> Bx = 211.2000 µT, By = 2237.1000 µT, Bz = -4.3560 µT",,,,,,"12:16:03.884 -> Bx = 214.5000 µT, By = 2297.1000 µT, Bz = 0.9680 µT",,,,,,"12:16:33.265 -> Bx = 218.7000 µT, By = 2337.9001 µT, Bz = 10.1640 µT",,,,,,"12:17:13.784 -> Bx = 215.4000 µT, By = 2351.4001 µT, Bz = 18.8760 µT",,,,,,"12:17:41.486 -> Bx = 216.0000 µT, By = 2333.4001 µT, Bz = 29.0400 µT",,,,,,"12:18:05.449 -> Bx = 213.9000 µT, By = 2286.6000 µT, Bz = 40.6560 µT",,,,,,"12:18:33.988 -> Bx = 196.8000 µT, By = 2115.6000 µT, Bz = 60.0160 µT",,,,,,"12:18:55.087 -> Bx = 195.9000 µT, By = 2115.3000 µT, Bz = 59.0480 µT",,,,,,"12:19:24.040 -> Bx = 138.3000 µT, By = 1572.9000 µT, Bz = 78.4080 µT",,,,,,"12:19:50.487 -> Bx = 104.7000 µT, By = 1290.0000 µT, Bz = 80.8280 µT",,,,,,"12:20:43.403 -> Bx = 38.1000 µT, By = 678.0000 µT, Bz = 75.0200 µT"
"12:03:20.220 -> Bx = -18.3000 µT, By = 259.2000 µT, Bz = 54.6920 µT",,,,,,"12:03:49.165 -> Bx = -14.1000 µT, By = 755.7000 µT, Bz = 22.7480 µT",,,,,,"12:04:19.367 -> Bx = -14.1000 µT, By = 1437.0000 µT, Bz = -15.4880 µT",,,,,,"12:04:45.811 -> Bx = -10.2000 µT, By = 1719.9000 µT, Bz = -25.6520 µT",,,,,,"12:05:11.047 -> Bx = 0.3000 µT, By = 1992.9000 µT, Bz = -28.0720 µT",,,,,,,"12:05:30.867 -> Bx = 6.3000 µT, By = 2205.6000 µT, Bz = -25.6520 µT",,,,,,"12:06:17.584 -> Bx = 45.9000 µT, By = 2321.1000 µT, Bz = -11.6160 µT",,,,,,"12:06:42.801 -> Bx = 69.3000 µT, By = 2323.8000 µT, Bz = 5.8080 µT",,,,,,"12:07:04.319 -> Bx = 90.3000 µT, By = 2216.7001 µT, Bz = 20.8120 µT",,,,,,"12:07:29.528 -> Bx = 100.2000 µT, By = 2068.5000 µT, Bz = 30.0080 µT",,,,,,"12:08:14.619 -> Bx = 108.9000 µT, By = 1906.2000 µT, Bz = 30.9760 µT",,,,,,"12:08:48.081 -> Bx = 115.2000 µT, By = 1842.3000 µT, Bz = 29.0400 µT",,,,,,"12:09:37.730 -> Bx = 120.6000 µT, By = 1789.8000 µT, Bz = 27.1040 µT",,,,,,"12:10:10.799 -> Bx = 125.7000 µT, By = 1753.8000 µT, Bz = 23.2320 µT",,,,,,"12:10:51.732 -> Bx = 129.3000 µT, By = 1736.7000 µT, Bz = 19.8440 µT",,,,,,,"12:11:40.113 -> Bx = 132.3000 µT, By = 1739.4000 µT, Bz = 12.5840 µT",,,,,,"12:12:07.388 -> Bx = 136.2000 µT, By = 1758.9000 µT, Bz = 8.7120 µT",,,,,,"12:12:41.316 -> Bx = 141.0000 µT, By = 1798.2000 µT, Bz = 5.8080 µT",,,,,,"12:13:06.950 -> Bx = 148.8000 µT, By = 1849.5001 µT, Bz = -0.9680 µT",,,,,,"12:13:28.033 -> Bx = 158.1000 µT, By = 1921.2000 µT, Bz = -4.8400 µT",,,,,,"12:13:47.447 -> Bx = 183.0000 µT, By = 1999.2000 µT, Bz = -7.7440 µT",,,,,,"12:14:19.283 -> Bx = 190.2000 µT, By = 2083.2001 µT, Bz = -8.2280 µT",,,,,,"12:14:56.515 -> Bx = 205.5000 µT, By = 2161.2001 µT, Bz = -7.2600 µT",,,,,,"12:15:19.666 -> Bx = 211.5000 µT, By = 2236.5000 µT, Bz = -3.8720 µT",,,,,,"12:16:04.300 -> Bx = 214.5000 µT, By = 2296.8000 µT, Bz = 0.9680 µT",,,,,,"12:16:33.651 -> Bx = 219.0000 µT, By = 2337.3000 µT, Bz = 9.1960 µT",,,,,,"12:17:14.184 -> Bx = 215.4000 µT, By = 2351.4001 µT, Bz = 18.8760 µT",,,,,,"12:17:41.901 -> Bx = 216.0000 µT, By = 2333.7001 µT, Bz = 29.0400 µT",,,,,,"12:18:05.868 -> Bx = 213.9000 µT, By = 2286.6000 µT, Bz = 40.1720 µT",,,,,,"12:18:34.401 -> Bx = 196.8000 µT, By = 2115.6000 µT, Bz = 59.5320 µT",,,,,,"12:18:55.492 -> Bx = 196.5000 µT, By = 2017.8000 µT, Bz = 68.2440 µT",,,,,,"12:19:24.436 -> Bx = 138.0000 µT, By = 1572.6000 µT, Bz = 77.9240 µT",,,,,,"12:19:50.914 -> Bx = 105.3000 µT, By = 1291.5000 µT, Bz = 80.3440 µT",,,,,,"12:20:43.832 -> Bx = 38.1000 µT, By = 678.3001 µT, Bz = 74.5360 µT"
"12:03:20.655 -> Bx = -18.3000 µT, By = 258.9000 µT, Bz = 54.6920 µT",,,,,,"12:03:49.586 -> Bx = -14.1000 µT, By = 755.4000 µT, Bz = 23.7160 µT",,,,,,"12:04:19.772 -> Bx = -14.4000 µT, By = 1436.4000 µT, Bz = -15.4880 µT",,,,,,"12:04:46.222 -> Bx = -9.6000 µT, By = 1720.8000 µT, Bz = -26.1360 µT",,,,,,"12:05:11.433 -> Bx = 0.3000 µT, By = 1993.2000 µT, Bz = -28.0720 µT",,,,,,,"12:05:31.301 -> Bx = 6.3000 µT, By = 2205.3000 µT, Bz = -25.1680 µT",,,,,,"12:06:18.012 -> Bx = 45.9000 µT, By = 2320.5000 µT, Bz = -10.6480 µT",,,,,,"12:06:43.243 -> Bx = 69.9000 µT, By = 2322.9001 µT, Bz = 5.3240 µT",,,,,,"12:07:04.736 -> Bx = 90.0000 µT, By = 2217.3000 µT, Bz = 20.3280 µT",,,,,,"12:07:29.938 -> Bx = 100.5000 µT, By = 2068.5000 µT, Bz = 29.5240 µT",,,,,,"12:08:15.034 -> Bx = 109.2000 µT, By = 1906.2000 µT, Bz = 31.4600 µT",,,,,,"12:08:48.523 -> Bx = 115.5000 µT, By = 1842.6000 µT, Bz = 28.5560 µT",,,,,,"12:09:38.133 -> Bx = 121.2000 µT, By = 1789.5001 µT, Bz = 27.1040 µT",,,,,,"12:10:11.194 -> Bx = 125.7000 µT, By = 1753.8000 µT, Bz = 22.7480 µT",,,,,,"12:10:52.146 -> Bx = 129.6000 µT, By = 1737.3000 µT, Bz = 18.8760 µT",,,,,,,"12:11:40.526 -> Bx = 132.3000 µT, By = 1740.0001 µT, Bz = 13.0680 µT",,,,,,"12:12:07.814 -> Bx = 137.1000 µT, By = 1758.6000 µT, Bz = 8.2280 µT",,,,,,"12:12:41.731 -> Bx = 140.4000 µT, By = 1798.5001 µT, Bz = 5.8080 µT",,,,,,"12:13:07.367 -> Bx = 148.5000 µT, By = 1848.9000 µT, Bz = -0.9680 µT",,,,,,"12:13:28.439 -> Bx = 158.4000 µT, By = 1920.6000 µT, Bz = -4.3560 µT",,,,,,"12:13:47.853 -> Bx = 182.1000 µT, By = 1999.2000 µT, Bz = -7.2600 µT",,,,,,"12:14:19.693 -> Bx = 190.5000 µT, By = 2083.2001 µT, Bz = -8.2280 µT",,,,,,"12:14:56.916 -> Bx = 205.8000 µT, By = 2161.5000 µT, Bz = -6.7760 µT",,,,,,"12:15:20.079 -> Bx = 211.2000 µT, By = 2236.5000 µT, Bz = -3.8720 µT",,,,,,"12:16:04.728 -> Bx = 215.1000 µT, By = 2297.4001 µT, Bz = 0.9680 µT",,,,,,"12:16:34.082 -> Bx = 219.3000 µT, By = 2337.6000 µT, Bz = 9.1960 µT",,,,,,"12:17:14.600 -> Bx = 215.1000 µT, By = 2351.7001 µT, Bz = 18.3920 µT",,,,,,"12:17:42.300 -> Bx = 216.0000 µT, By = 2334.0000 µT, Bz = 29.0400 µT",,,,,,"12:18:06.301 -> Bx = 213.9000 µT, By = 2286.3000 µT, Bz = 40.6560 µT",,,,,,"12:18:34.818 -> Bx = 197.1000 µT, By = 2115.9001 µT, Bz = 60.0160 µT",,,,,,"12:18:55.905 -> Bx = 178.5000 µT, By = 1907.7000 µT, Bz = 71.6320 µT",,,,,,"12:19:24.866 -> Bx = 138.0000 µT, By = 1572.6000 µT, Bz = 78.8920 µT",,,,,,"12:19:51.325 -> Bx = 105.0000 µT, By = 1290.9000 µT, Bz = 79.8600 µT",,,,,,"12:20:44.242 -> Bx = 38.7000 µT, By = 678.3001 µT, Bz = 74.0520 µT"
"12:03:21.064 -> Bx = -18.0000 µT, By = 258.6000 µT, Bz = 55.1760 µT",,,,,,"12:03:50.000 -> Bx = -14.4000 µT, By = 755.7000 µT, Bz = 23.7160 µT",,,,,,"12:04:20.190 -> Bx = -14.4000 µT, By = 1436.7000 µT, Bz = -15.4880 µT",,,,,,"12:04:46.641 -> Bx = -9.6000 µT, By = 1720.5001 µT, Bz = -25.6520 µT",,,,,,"12:05:11.846 -> Bx = 0.3000 µT, By = 1992.9000 µT, Bz = -28.5560 µT",,,,,,,"12:05:31.696 -> Bx = 6.9000 µT, By = 2205.6000 µT, Bz = -26.1360 µT",,,,,,"12:06:18.407 -> Bx = 45.9000 µT, By = 2321.1000 µT, Bz = -11.6160 µT",,,,,,"12:06:43.655 -> Bx = 69.6000 µT, By = 2323.5000 µT, Bz = 5.3240 µT",,,,,,"12:07:05.136 -> Bx = 90.9000 µT, By = 2217.3000 µT, Bz = 19.8440 µT",,,,,,"12:07:30.348 -> Bx = 100.2000 µT, By = 2068.5000 µT, Bz = 29.5240 µT",,,,,,"12:08:15.414 -> Bx = 108.9000 µT, By = 1906.5001 µT, Bz = 31.4600 µT",,,,,,"12:08:48.920 -> Bx = 115.8000 µT, By = 1842.3000 µT, Bz = 29.5240 µT",,,,,,"12:09:38.556 -> Bx = 120.6000 µT, By = 1790.1000 µT, Bz = 27.1040 µT",,,,,,"12:10:11.620 -> Bx = 125.7000 µT, By = 1754.1000 µT, Bz = 23.7160 µT",,,,,,"12:10:52.571 -> Bx = 129.3000 µT, By = 1737.3000 µT, Bz = 19.3600 µT",,,,,,,"12:11:40.945 -> Bx = 132.3000 µT, By = 1739.1000 µT, Bz = 13.0680 µT",,,,,,"12:12:08.213 -> Bx = 136.5000 µT, By = 1758.6000 µT, Bz = 8.2280 µT",,,,,,"12:12:42.131 -> Bx = 140.7000 µT, By = 1798.2000 µT, Bz = 6.2920 µT",,,,,,"12:13:07.748 -> Bx = 149.1000 µT, By = 1848.6000 µT, Bz = -0.9680 µT",,,,,,"12:13:28.858 -> Bx = 158.4000 µT, By = 1921.2000 µT, Bz = -4.8400 µT",,,,,,"12:13:48.284 -> Bx = 182.1000 µT, By = 1998.6000 µT, Bz = -7.7440 µT",,,,,,"12:14:20.106 -> Bx = 190.2000 µT, By = 2083.2001 µT, Bz = -8.2280 µT",,,,,,"12:14:57.338 -> Bx = 205.5000 µT, By = 2160.9001 µT, Bz = -7.2600 µT",,,,,,"12:15:20.471 -> Bx = 211.5000 µT, By = 2236.8000 µT, Bz = -4.3560 µT",,,,,,"12:16:05.134 -> Bx = 214.8000 µT, By = 2296.8000 µT, Bz = 0.9680 µT",,,,,,"12:16:34.500 -> Bx = 219.0000 µT, By = 2338.2001 µT, Bz = 9.6800 µT",,,,,,"12:17:15.035 -> Bx = 215.4000 µT, By = 2351.7001 µT, Bz = 18.3920 µT",,,,,,"12:17:42.717 -> Bx = 216.3000 µT, By = 2334.3000 µT, Bz = 29.0400 µT",,,,,,"12:18:06.700 -> Bx = 213.9000 µT, By = 2286.3000 µT, Bz = 40.1720 µT",,,,,,"12:18:35.234 -> Bx = 196.8000 µT, By = 2115.6000 µT, Bz = 60.5000 µT",,,,,,"12:18:56.340 -> Bx = 172.8000 µT, By = 1866.0001 µT, Bz = 73.0840 µT",,,,,,"12:19:25.251 -> Bx = 138.6000 µT, By = 1573.2000 µT, Bz = 77.9240 µT",,,,,,"12:19:51.725 -> Bx = 104.7000 µT, By = 1290.6000 µT, Bz = 79.8600 µT",,,,,,"12:20:44.667 -> Bx = 38.4000 µT, By = 678.0000 µT, Bz = 74.0520 µT"
"12:03:21.461 -> Bx = -18.3000 µT, By = 259.2000 µT, Bz = 54.6920 µT",,,,,,"12:03:50.407 -> Bx = -14.4000 µT, By = 755.7000 µT, Bz = 24.2000 µT",,,,,,"12:04:20.593 -> Bx = -13.8000 µT, By = 1436.1000 µT, Bz = -15.9720 µT",,,,,,"12:04:47.053 -> Bx = -9.6000 µT, By = 1721.1000 µT, Bz = -26.1360 µT",,,,,,"12:05:12.290 -> Bx = 0.3000 µT, By = 1992.3000 µT, Bz = -29.5240 µT",,,,,,,"12:05:32.111 -> Bx = 6.6000 µT, By = 2206.2001 µT, Bz = -25.6520 µT",,,,,,"12:06:18.847 -> Bx = 45.9000 µT, By = 2321.4001 µT, Bz = -12.1000 µT",,,,,,"12:06:44.053 -> Bx = 69.3000 µT, By = 2323.5000 µT, Bz = 5.8080 µT",,,,,,"12:07:05.535 -> Bx = 90.9000 µT, By = 2216.7001 µT, Bz = 20.8120 µT",,,,,,"12:07:30.764 -> Bx = 100.2000 µT, By = 2068.2001 µT, Bz = 29.5240 µT",,,,,,"12:08:15.836 -> Bx = 109.2000 µT, By = 1906.2000 µT, Bz = 31.4600 µT",,,,,,"12:08:49.340 -> Bx = 114.9000 µT, By = 1842.0001 µT, Bz = 28.5560 µT",,,,,,"12:09:38.971 -> Bx = 121.2000 µT, By = 1789.2000 µT, Bz = 27.1040 µT",,,,,,"12:10:12.044 -> Bx = 124.8000 µT, By = 1753.8000 µT, Bz = 23.2320 µT",,,,,,"12:10:52.965 -> Bx = 129.3000 µT, By = 1737.0001 µT, Bz = 18.8760 µT",,,,,,,"12:11:41.341 -> Bx = 130.5000 µT, By = 1740.0001 µT, Bz = 13.0680 µT",,,,,,"12:12:08.643 -> Bx = 136.5000 µT, By = 1758.6000 µT, Bz = 7.7440 µT",,,,,,"12:12:42.564 -> Bx = 140.7000 µT, By = 1798.2000 µT, Bz = 5.3240 µT",,,,,,"12:13:08.184 -> Bx = 149.1000 µT, By = 1849.2000 µT, Bz = -1.9360 µT",,,,,,"12:13:29.259 -> Bx = 158.7000 µT, By = 1920.3000 µT, Bz = -4.8400 µT",,,,,,"12:13:48.708 -> Bx = 182.1000 µT, By = 1998.9000 µT, Bz = -7.7440 µT",,,,,,"12:14:20.517 -> Bx = 190.5000 µT, By = 2083.5000 µT, Bz = -8.2280 µT",,,,,,"12:14:57.751 -> Bx = 205.5000 µT, By = 2160.6000 µT, Bz = -7.2600 µT",,,,,,"12:15:20.896 -> Bx = 211.2000 µT, By = 2237.1000 µT, Bz = -3.3880 µT",,,,,,"12:16:05.567 -> Bx = 214.2000 µT, By = 2296.2001 µT, Bz = 0.9680 µT",,,,,,"12:16:34.900 -> Bx = 219.0000 µT, By = 2338.2001 µT, Bz = 9.6800 µT",,,,,,"12:17:15.417 -> Bx = 215.7000 µT, By = 2351.7001 µT, Bz = 18.3920 µT",,,,,,"12:17:43.128 -> Bx = 216.3000 µT, By = 2334.0000 µT, Bz = 29.0400 µT",,,,,,"12:18:07.117 -> Bx = 213.9000 µT, By = 2287.2001 µT, Bz = 40.1720 µT",,,,,,"12:18:35.635 -> Bx = 197.1000 µT, By = 2115.9001 µT, Bz = 60.0160 µT",,,,,,"12:18:56.735 -> Bx = 171.6000 µT, By = 1858.8000 µT, Bz = 73.0840 µT",,,,,,"12:19:25.688 -> Bx = 138.6000 µT, By = 1572.6000 µT, Bz = 77.9240 µT",,,,,,"12:19:52.144 -> Bx = 105.0000 µT, By = 1290.6000 µT, Bz = 79.8600 µT",,,,,,"12:20:45.057 -> Bx = 38.4000 µT, By = 678.3001 µT, Bz = 74.5360 µT"
"12:03:21.877 -> Bx = -18.0000 µT, By = 258.6000 µT, Bz = 55.1760 µT",,,,,,"12:03:50.840 -> Bx = -14.7000 µT, By = 755.4000 µT, Bz = 24.2000 µT",,,,,,"12:04:21.022 -> Bx = -13.8000 µT, By = 1436.4000 µT, Bz = -15.4880 µT",,,,,,"12:04:47.484 -> Bx = -9.3000 µT, By = 1720.5001 µT, Bz = -25.6520 µT",,,,,,"12:05:12.701 -> Bx = 2.1000 µT, By = 1990.2000 µT, Bz = -30.0080 µT",,,,,,,"12:05:32.522 -> Bx = 6.9000 µT, By = 2205.6000 µT, Bz = -26.1360 µT",,,,,,"12:06:19.248 -> Bx = 45.9000 µT, By = 2321.4001 µT, Bz = -11.6160 µT",,,,,,"12:06:44.455 -> Bx = 69.0000 µT, By = 2323.2001 µT, Bz = 5.3240 µT",,,,,,"12:07:05.970 -> Bx = 90.9000 µT, By = 2217.3000 µT, Bz = 21.2960 µT",,,,,,"12:07:31.183 -> Bx = 100.5000 µT, By = 2068.5000 µT, Bz = 29.5240 µT",,,,,,"12:08:16.250 -> Bx = 109.2000 µT, By = 1905.9000 µT, Bz = 31.4600 µT",,,,,,"12:08:49.740 -> Bx = 114.0000 µT, By = 1842.0001 µT, Bz = 29.0400 µT",,,,,,"12:09:39.356 -> Bx = 120.6000 µT, By = 1790.4000 µT, Bz = 27.1040 µT",,,,,,"12:10:12.438 -> Bx = 125.4000 µT, By = 1754.1000 µT, Bz = 23.2320 µT",,,,,,"12:10:53.399 -> Bx = 129.3000 µT, By = 1737.0001 µT, Bz = 18.3920 µT",,,,,,,"12:11:41.765 -> Bx = 132.0000 µT, By = 1739.7000 µT, Bz = 13.0680 µT",,,,,,"12:12:09.056 -> Bx = 136.2000 µT, By = 1758.6000 µT, Bz = 7.7440 µT",,,,,,"12:12:42.956 -> Bx = 141.0000 µT, By = 1798.2000 µT, Bz = 6.2920 µT",,,,,,"12:13:08.601 -> Bx = 149.1000 µT, By = 1848.9000 µT, Bz = -1.4520 µT",,,,,,"12:13:29.672 -> Bx = 158.7000 µT, By = 1920.9000 µT, Bz = -4.3560 µT",,,,,,"12:13:49.124 -> Bx = 182.1000 µT, By = 1998.3000 µT, Bz = -7.7440 µT",,,,,,"12:14:20.950 -> Bx = 190.5000 µT, By = 2083.2001 µT, Bz = -7.7440 µT",,,,,,"12:14:58.152 -> Bx = 205.5000 µT, By = 2161.5000 µT, Bz = -7.2600 µT",,,,,,"12:15:21.332 -> Bx = 211.2000 µT, By = 2236.8000 µT, Bz = -4.8400 µT",,,,,,"12:16:05.951 -> Bx = 214.5000 µT, By = 2296.5000 µT, Bz = 0.9680 µT",,,,,,"12:16:35.304 -> Bx = 219.0000 µT, By = 2338.2001 µT, Bz = 9.6800 µT",,,,,,"12:17:15.832 -> Bx = 215.7000 µT, By = 2352.3000 µT, Bz = 18.8760 µT",,,,,,"12:17:43.536 -> Bx = 216.3000 µT, By = 2334.3000 µT, Bz = 29.5240 µT",,,,,,"12:18:07.515 -> Bx = 213.9000 µT, By = 2286.6000 µT, Bz = 39.6880 µT",,,,,,"12:18:36.045 -> Bx = 196.5000 µT, By = 2115.6000 µT, Bz = 60.5000 µT",,,,,,"12:18:57.139 -> Bx = 170.7000 µT, By = 1852.5001 µT, Bz = 73.0840 µT",,,,,,"12:19:26.107 -> Bx = 138.6000 µT, By = 1573.2000 µT, Bz = 78.4080 µT",,,,,,"12:19:52.558 -> Bx = 105.3000 µT, By = 1290.6000 µT, Bz = 80.3440 µT",,,,,,"12:20:45.495 -> Bx = 38.7000 µT, By = 677.7000 µT, Bz = 74.5360 µT"
"12:03:22.296 -> Bx = -18.0000 µT, By = 258.3000 µT, Bz = 55.1760 µT",,,,,,"12:03:51.237 -> Bx = -14.7000 µT, By = 755.4000 µT, Bz = 25.1680 µT",,,,,,"12:04:21.419 -> Bx = -13.8000 µT, By = 1436.1000 µT, Bz = -15.9720 µT",,,,,,"12:04:47.868 -> Bx = -9.6000 µT, By = 1720.5001 µT, Bz = -24.6840 µT",,,,,,"12:05:13.088 -> Bx = 3.3000 µT, By = 1991.1000 µT, Bz = -29.5240 µT",,,,,,,"12:05:32.955 -> Bx = 7.2000 µT, By = 2205.9001 µT, Bz = -25.6520 µT",,,,,,"12:06:19.674 -> Bx = 45.6000 µT, By = 2320.8000 µT, Bz = -12.1000 µT",,,,,,"12:06:44.864 -> Bx = 68.7000 µT, By = 2323.5000 µT, Bz = 5.8080 µT",,,,,,"12:07:06.375 -> Bx = 90.3000 µT, By = 2217.0000 µT, Bz = 21.2960 µT",,,,,,"12:07:31.589 -> Bx = 100.5000 µT, By = 2068.2001 µT, Bz = 29.0400 µT",,,,,,"12:08:16.691 -> Bx = 109.5000 µT, By = 1906.5001 µT, Bz = 30.9760 µT",,,,,,"12:08:50.170 -> Bx = 115.5000 µT, By = 1842.3000 µT, Bz = 29.0400 µT",,,,,,"12:09:39.771 -> Bx = 120.3000 µT, By = 1789.8000 µT, Bz = 27.1040 µT",,,,,,"12:10:12.872 -> Bx = 125.1000 µT, By = 1753.8000 µT, Bz = 23.7160 µT",,,,,,"12:10:53.796 -> Bx = 129.0000 µT, By = 1737.3000 µT, Bz = 19.3600 µT",,,,,,,"12:11:42.163 -> Bx = 131.7000 µT, By = 1740.3000 µT, Bz = 12.5840 µT",,,,,,"12:12:09.459 -> Bx = 136.5000 µT, By = 1758.3000 µT, Bz = 8.2280 µT",,,,,,"12:12:43.375 -> Bx = 140.4000 µT, By = 1797.9000 µT, Bz = 5.3240 µT",,,,,,"12:13:09.000 -> Bx = 148.5000 µT, By = 1848.9000 µT, Bz = -1.4520 µT",,,,,,"12:13:30.108 -> Bx = 158.1000 µT, By = 1920.9000 µT, Bz = -4.8400 µT",,,,,,"12:13:49.536 -> Bx = 181.8000 µT, By = 1998.9000 µT, Bz = -7.7440 µT",,,,,,"12:14:21.356 -> Bx = 190.2000 µT, By = 2083.5000 µT, Bz = -8.2280 µT",,,,,,"12:14:58.574 -> Bx = 205.8000 µT, By = 2161.5000 µT, Bz = -7.7440 µT",,,,,,"12:15:21.715 -> Bx = 210.9000 µT, By = 2235.9001 µT, Bz = -4.3560 µT",,,,,,"12:16:06.384 -> Bx = 214.2000 µT, By = 2296.5000 µT, Bz = 0.9680 µT",,,,,,"12:16:35.751 -> Bx = 219.3000 µT, By = 2339.1000 µT, Bz = 10.1640 µT",,,,,,"12:17:16.267 -> Bx = 215.4000 µT, By = 2351.4001 µT, Bz = 18.8760 µT",,,,,,"12:17:43.968 -> Bx = 216.0000 µT, By = 2334.3000 µT, Bz = 28.5560 µT",,,,,,"12:18:07.961 -> Bx = 213.9000 µT, By = 2286.3000 µT, Bz = 40.1720 µT",,,,,,"12:18:36.462 -> Bx = 196.5000 µT, By = 2115.3000 µT, Bz = 60.9840 µT",,,,,,"12:18:57.556 -> Bx = 170.7000 µT, By = 1851.3000 µT, Bz = 72.1160 µT",,,,,,"12:19:26.524 -> Bx = 138.6000 µT, By = 1572.9000 µT, Bz = 78.4080 µT",,,,,,"12:19:52.955 -> Bx = 105.6000 µT, By = 1291.2000 µT, Bz = 80.3440 µT",,,,,,"12:20:45.891 -> Bx = 38.1000 µT, By = 678.3001 µT, Bz = 74.5360 µT"
"12:03:22.714 -> Bx = -18.3000 µT, By = 258.9000 µT, Bz = 54.6920 µT",,,,,,"12:03:51.670 -> Bx = -15.0000 µT, By = 755.7000 µT, Bz = 24.6840 µT",,,,,,"12:04:21.825 -> Bx = -13.8000 µT, By = 1436.1000 µT, Bz = -15.9720 µT",,,,,,"12:04:48.283 -> Bx = -9.6000 µT, By = 1720.5001 µT, Bz = -25.6520 µT",,,,,,"12:05:13.522 -> Bx = 3.3000 µT, By = 1990.8000 µT, Bz = -29.5240 µT",,,,,,,"12:05:33.358 -> Bx = 6.9000 µT, By = 2205.3000 µT, Bz = -25.6520 µT",,,,,,"12:06:20.073 -> Bx = 45.9000 µT, By = 2321.1000 µT, Bz = -10.6480 µT",,,,,,"12:06:45.299 -> Bx = 66.9000 µT, By = 2323.2001 µT, Bz = 5.3240 µT",,,,,,"12:07:06.787 -> Bx = 90.3000 µT, By = 2216.7001 µT, Bz = 21.2960 µT",,,,,,"12:07:31.999 -> Bx = 100.5000 µT, By = 2068.2001 µT, Bz = 29.5240 µT",,,,,,"12:08:17.073 -> Bx = 109.2000 µT, By = 1905.6000 µT, Bz = 31.4600 µT",,,,,,"12:08:50.591 -> Bx = 114.9000 µT, By = 1842.3000 µT, Bz = 29.5240 µT",,,,,,"12:09:40.205 -> Bx = 120.6000 µT, By = 1789.5001 µT, Bz = 28.0720 µT",,,,,,"12:10:13.262 -> Bx = 125.4000 µT, By = 1754.4000 µT, Bz = 23.2320 µT",,,,,,"12:10:54.200 -> Bx = 129.0000 µT, By = 1737.0001 µT, Bz = 19.3600 µT",,,,,,,"12:11:42.582 -> Bx = 132.3000 µT, By = 1740.3000 µT, Bz = 13.0680 µT",,,,,,"12:12:09.872 -> Bx = 136.8000 µT, By = 1758.3000 µT, Bz = 8.2280 µT",,,,,,"12:12:43.767 -> Bx = 140.1000 µT, By = 1797.9000 µT, Bz = 5.3240 µT",,,,,,"12:13:09.431 -> Bx = 148.5000 µT, By = 1848.6000 µT, Bz = -1.4520 µT",,,,,,"12:13:30.525 -> Bx = 158.7000 µT, By = 1921.2000 µT, Bz = -4.8400 µT",,,,,,"12:13:49.936 -> Bx = 181.8000 µT, By = 1998.9000 µT, Bz = -7.2600 µT",,,,,,"12:14:21.782 -> Bx = 190.5000 µT, By = 2083.5000 µT, Bz = -8.2280 µT",,,,,,"12:14:58.969 -> Bx = 205.8000 µT, By = 2161.5000 µT, Bz = -7.2600 µT",,,,,,"12:15:22.134 -> Bx = 210.9000 µT, By = 2236.8000 µT, Bz = -3.8720 µT",,,,,,"12:16:06.781 -> Bx = 214.5000 µT, By = 2297.7001 µT, Bz = 1.4520 µT",,,,,,"12:16:36.151 -> Bx = 219.3000 µT, By = 2338.5000 µT, Bz = 10.1640 µT",,,,,,"12:17:16.664 -> Bx = 215.4000 µT, By = 2350.8000 µT, Bz = 18.8760 µT",,,,,,"12:17:44.377 -> Bx = 216.9000 µT, By = 2334.3000 µT, Bz = 29.0400 µT",,,,,,"12:18:08.342 -> Bx = 213.9000 µT, By = 2286.3000 µT, Bz = 40.6560 µT",,,,,,"12:18:36.901 -> Bx = 196.5000 µT, By = 2115.6000 µT, Bz = 60.9840 µT",,,,,,"12:18:57.969 -> Bx = 171.0000 µT, By = 1851.9000 µT, Bz = 73.0840 µT",,,,,,"12:19:26.917 -> Bx = 138.6000 µT, By = 1572.9000 µT, Bz = 78.8920 µT",,,,,,"12:19:53.393 -> Bx = 105.0000 µT, By = 1290.6000 µT, Bz = 79.8600 µT",,,,,,"12:20:46.310 -> Bx = 38.4000 µT, By = 678.0000 µT, Bz = 75.0200 µT"
"12:03:23.141 -> Bx = -17.7000 µT, By = 258.9000 µT, Bz = 54.6920 µT",,,,,,"12:03:52.058 -> Bx = -15.6000 µT, By = 755.7000 µT, Bz = 25.1680 µT",,,,,,"12:04:22.247 -> Bx = -13.5000 µT, By = 1436.4000 µT, Bz = -15.4880 µT",,,,,,"12:04:48.708 -> Bx = -9.6000 µT, By = 1720.5001 µT, Bz = -25.6520 µT",,,,,,"12:05:13.936 -> Bx = 2.4000 µT, By = 1990.8000 µT, Bz = -30.0080 µT",,,,,,,"12:05:33.785 -> Bx = 6.9000 µT, By = 2206.2001 µT, Bz = -25.6520 µT",,,,,,"12:06:20.490 -> Bx = 45.6000 µT, By = 2321.1000 µT, Bz = -11.6160 µT",,,,,,"12:06:45.697 -> Bx = 67.8000 µT, By = 2323.5000 µT, Bz = 6.7760 µT",,,,,,"12:07:07.206 -> Bx = 90.6000 µT, By = 2216.1000 µT, Bz = 21.2960 µT",,,,,,"12:07:32.437 -> Bx = 100.2000 µT, By = 2067.9001 µT, Bz = 29.0400 µT",,,,,,"12:08:17.506 -> Bx = 109.8000 µT, By = 1905.9000 µT, Bz = 31.4600 µT",,,,,,"12:08:51.005 -> Bx = 115.2000 µT, By = 1842.3000 µT, Bz = 29.5240 µT",,,,,,"12:09:40.621 -> Bx = 120.6000 µT, By = 1789.8000 µT, Bz = 27.5880 µT",,,,,,"12:10:13.690 -> Bx = 124.8000 µT, By = 1754.1000 µT, Bz = 23.7160 µT",,,,,,"12:10:54.633 -> Bx = 128.4000 µT, By = 1737.6000 µT, Bz = 18.3920 µT",,,,,,,"12:11:43.025 -> Bx = 132.0000 µT, By = 1740.0001 µT, Bz = 13.0680 µT",,,,,,"12:12:10.281 -> Bx = 137.1000 µT, By = 1758.6000 µT, Bz = 7.7440 µT",,,,,,"12:12:44.200 -> Bx = 140.4000 µT, By = 1798.5001 µT, Bz = 5.8080 µT",,,,,,"12:13:09.842 -> Bx = 149.1000 µT, By = 1848.9000 µT, Bz = -0.9680 µT",,,,,,"12:13:30.906 -> Bx = 158.1000 µT, By = 1920.9000 µT, Bz = -4.8400 µT",,,,,,"12:13:50.344 -> Bx = 181.5000 µT, By = 1998.9000 µT, Bz = -7.2600 µT",,,,,,"12:14:22.197 -> Bx = 190.5000 µT, By = 2082.9001 µT, Bz = -7.7440 µT",,,,,,"12:14:59.391 -> Bx = 206.1000 µT, By = 2161.8000 µT, Bz = -7.2600 µT",,,,,,"12:15:22.548 -> Bx = 211.2000 µT, By = 2236.5000 µT, Bz = -3.8720 µT",,,,,,"12:16:07.197 -> Bx = 214.5000 µT, By = 2296.8000 µT, Bz = 0.9680 µT",,,,,,"12:16:36.555 -> Bx = 218.7000 µT, By = 2338.2001 µT, Bz = 10.1640 µT",,,,,,"12:17:17.098 -> Bx = 215.4000 µT, By = 2351.4001 µT, Bz = 18.8760 µT",,,,,,"12:17:44.790 -> Bx = 216.3000 µT, By = 2333.4001 µT, Bz = 28.5560 µT",,,,,,"12:18:08.754 -> Bx = 213.6000 µT, By = 2286.9001 µT, Bz = 39.6880 µT",,,,,,"12:18:37.304 -> Bx = 196.5000 µT, By = 2116.2001 µT, Bz = 60.0160 µT",,,,,,"12:18:58.404 -> Bx = 169.8000 µT, By = 1851.9000 µT, Bz = 73.0840 µT",,,,,,"12:19:27.352 -> Bx = 139.2000 µT, By = 1573.8000 µT, Bz = 78.4080 µT",,,,,,"12:19:53.806 -> Bx = 105.6000 µT, By = 1290.3000 µT, Bz = 79.8600 µT",,,,,,"12:20:46.707 -> Bx = 38.1000 µT, By = 677.7000 µT, Bz = 74.0520 µT"
"12:03:23.538 -> Bx = -17.7000 µT, By = 258.6000 µT, Bz = 53.7240 µT",,,,,,"12:03:52.490 -> Bx = -12.9000 µT, By = 755.1000 µT, Bz = 25.1680 µT",,,,,,"12:04:22.663 -> Bx = -13.5000 µT, By = 1436.7000 µT, Bz = -15.9720 µT",,,,,,"12:04:49.129 -> Bx = -9.6000 µT, By = 1720.5001 µT, Bz = -25.6520 µT",,,,,,"12:05:14.327 -> Bx = 2.4000 µT, By = 1990.2000 µT, Bz = -29.5240 µT",,,,,,,"12:05:34.204 -> Bx = 7.2000 µT, By = 2205.9001 µT, Bz = -26.6200 µT",,,,,,"12:06:20.903 -> Bx = 45.3000 µT, By = 2321.4001 µT, Bz = -11.1320 µT",,,,,,"12:06:46.133 -> Bx = 69.0000 µT, By = 2323.2001 µT, Bz = 5.8080 µT",,,,,,"12:07:07.624 -> Bx = 90.3000 µT, By = 2216.4001 µT, Bz = 20.3280 µT",,,,,,"12:07:32.851 -> Bx = 99.9000 µT, By = 2067.9001 µT, Bz = 29.0400 µT",,,,,,"12:08:17.921 -> Bx = 109.5000 µT, By = 1905.6000 µT, Bz = 31.4600 µT",,,,,,"12:08:51.391 -> Bx = 115.5000 µT, By = 1842.3000 µT, Bz = 29.0400 µT",,,,,,"12:09:41.022 -> Bx = 120.6000 µT, By = 1789.8000 µT, Bz = 27.5880 µT",,,,,,"12:10:14.093 -> Bx = 123.9000 µT, By = 1754.7000 µT, Bz = 22.7480 µT",,,,,,"12:10:55.042 -> Bx = 128.7000 µT, By = 1737.0001 µT, Bz = 18.8760 µT",,,,,,,"12:11:43.410 -> Bx = 131.7000 µT, By = 1739.7000 µT, Bz = 13.0680 µT",,,,,,"12:12:10.706 -> Bx = 136.8000 µT, By = 1758.6000 µT, Bz = 7.2600 µT",,,,,,"12:12:44.600 -> Bx = 140.4000 µT, By = 1798.2000 µT, Bz = 5.3240 µT",,,,,,"12:13:10.234 -> Bx = 148.8000 µT, By = 1848.9000 µT, Bz = -1.4520 µT",,,,,,"12:13:31.317 -> Bx = 158.4000 µT, By = 1920.9000 µT, Bz = -4.8400 µT",,,,,,"12:13:50.764 -> Bx = 181.5000 µT, By = 1998.9000 µT, Bz = -7.7440 µT",,,,,,"12:14:22.606 -> Bx = 190.5000 µT, By = 2082.9001 µT, Bz = -8.2280 µT",,,,,,"12:14:59.825 -> Bx = 206.1000 µT, By = 2161.5000 µT, Bz = -7.2600 µT",,,,,,"12:15:22.987 -> Bx = 210.9000 µT, By = 2236.5000 µT, Bz = -4.8400 µT",,,,,,"12:16:07.629 -> Bx = 214.5000 µT, By = 2297.1000 µT, Bz = 0.9680 µT",,,,,,"12:16:36.984 -> Bx = 219.3000 µT, By = 2338.8000 µT, Bz = 9.6800 µT",,,,,,"12:17:17.496 -> Bx = 215.7000 µT, By = 2351.7001 µT, Bz = 18.3920 µT",,,,,,"12:17:45.194 -> Bx = 216.0000 µT, By = 2334.0000 µT, Bz = 28.5560 µT",,,,,,"12:18:09.193 -> Bx = 213.6000 µT, By = 2286.9001 µT, Bz = 39.6880 µT",,,,,,"12:18:37.699 -> Bx = 196.5000 µT, By = 2115.0000 µT, Bz = 60.5000 µT",,,,,,"12:18:58.821 -> Bx = 169.8000 µT, By = 1852.2000 µT, Bz = 71.6320 µT",,,,,,"12:19:27.744 -> Bx = 138.9000 µT, By = 1573.2000 µT, Bz = 77.9240 µT",,,,,,"12:19:54.229 -> Bx = 105.0000 µT, By = 1290.3000 µT, Bz = 80.3440 µT",,,,,,"12:20:47.124 -> Bx = 38.1000 µT, By = 678.3001 µT, Bz = 74.5360 µT"
"12:03:23.960 -> Bx = -18.0000 µT, By = 258.6000 µT, Bz = 54.6920 µT",,,,,,"12:03:52.891 -> Bx = -14.7000 µT, By = 755.1000 µT, Bz = 25.1680 µT",,,,,,"12:04:23.066 -> Bx = -13.8000 µT, By = 1435.8000 µT, Bz = -15.9720 µT",,,,,,"12:04:49.519 -> Bx = -10.2000 µT, By = 1721.1000 µT, Bz = -25.1680 µT",,,,,,"12:05:14.753 -> Bx = 2.4000 µT, By = 1990.8000 µT, Bz = -29.0400 µT",,,,,,,"12:05:34.605 -> Bx = 7.2000 µT, By = 2205.9001 µT, Bz = -26.6200 µT",,,,,,"12:06:21.326 -> Bx = 45.6000 µT, By = 2321.4001 µT, Bz = -11.1320 µT",,,,,,"12:06:46.528 -> Bx = 69.3000 µT, By = 2322.9001 µT, Bz = 6.7760 µT",,,,,,"12:07:08.037 -> Bx = 90.6000 µT, By = 2217.3000 µT, Bz = 22.2640 µT",,,,,,"12:07:33.256 -> Bx = 100.2000 µT, By = 2068.8000 µT, Bz = 29.0400 µT",,,,,,"12:08:18.321 -> Bx = 108.9000 µT, By = 1905.9000 µT, Bz = 30.4920 µT",,,,,,"12:08:51.822 -> Bx = 115.2000 µT, By = 1842.6000 µT, Bz = 29.0400 µT",,,,,,"12:09:41.442 -> Bx = 120.9000 µT, By = 1790.4000 µT, Bz = 28.0720 µT",,,,,,"12:10:14.503 -> Bx = 126.3000 µT, By = 1754.4000 µT, Bz = 23.2320 µT",,,,,,"12:10:55.440 -> Bx = 129.0000 µT, By = 1737.0001 µT, Bz = 18.3920 µT",,,,,,,"12:11:43.839 -> Bx = 131.4000 µT, By = 1739.4000 µT, Bz = 13.0680 µT",,,,,,"12:12:11.122 -> Bx = 136.5000 µT, By = 1758.9000 µT, Bz = 6.7760 µT",,,,,,"12:12:45.034 -> Bx = 139.8000 µT, By = 1797.9000 µT, Bz = 5.3240 µT",,,,,,"12:13:10.666 -> Bx = 148.5000 µT, By = 1848.0001 µT, Bz = -1.9360 µT",,,,,,"12:13:31.735 -> Bx = 158.7000 µT, By = 1921.2000 µT, Bz = -4.8400 µT",,,,,,"12:13:51.184 -> Bx = 182.1000 µT, By = 1999.2000 µT, Bz = -7.7440 µT",,,,,,"12:14:23.032 -> Bx = 189.9000 µT, By = 2083.2001 µT, Bz = -8.2280 µT",,,,,,"12:15:00.242 -> Bx = 205.5000 µT, By = 2160.9001 µT, Bz = -7.2600 µT",,,,,,"12:15:23.367 -> Bx = 211.2000 µT, By = 2237.1000 µT, Bz = -4.3560 µT",,,,,,"12:16:08.047 -> Bx = 214.5000 µT, By = 2296.8000 µT, Bz = 1.4520 µT",,,,,,"12:16:37.384 -> Bx = 219.0000 µT, By = 2338.5000 µT, Bz = 9.6800 µT",,,,,,"12:17:17.893 -> Bx = 215.4000 µT, By = 2351.4001 µT, Bz = 18.8760 µT",,,,,,"12:17:45.609 -> Bx = 216.3000 µT, By = 2333.7001 µT, Bz = 28.5560 µT",,,,,,"12:18:09.598 -> Bx = 214.2000 µT, By = 2286.6000 µT, Bz = 40.1720 µT",,,,,,"12:18:38.142 -> Bx = 196.2000 µT, By = 2116.2001 µT, Bz = 60.0160 µT",,,,,,"12:18:59.205 -> Bx = 170.1000 µT, By = 1852.8000 µT, Bz = 71.1480 µT",,,,,,"12:19:28.165 -> Bx = 138.6000 µT, By = 1572.9000 µT, Bz = 78.8920 µT",,,,,,"12:19:54.625 -> Bx = 105.0000 µT, By = 1290.9000 µT, Bz = 80.8280 µT",,,,,,"12:20:47.530 -> Bx = 37.8000 µT, By = 678.3001 µT, Bz = 74.5360 µT"
"12:03:24.361 -> Bx = -17.7000 µT, By = 258.9000 µT, Bz = 54.2080 µT",,,,,,"12:03:53.293 -> Bx = -15.3000 µT, By = 755.7000 µT, Bz = 25.1680 µT",,,,,,"12:04:23.491 -> Bx = -14.1000 µT, By = 1436.4000 µT, Bz = -15.9720 µT",,,,,,"12:04:49.949 -> Bx = -10.5000 µT, By = 1720.2000 µT, Bz = -25.6520 µT",,,,,,"12:05:15.172 -> Bx = 2.7000 µT, By = 1990.2000 µT, Bz = -30.0080 µT",,,,,,,"12:05:34.994 -> Bx = 6.9000 µT, By = 2206.2001 µT, Bz = -25.6520 µT",,,,,,"12:06:21.720 -> Bx = 45.3000 µT, By = 2321.1000 µT, Bz = -10.6480 µT",,,,,,"12:06:46.962 -> Bx = 68.7000 µT, By = 2323.2001 µT, Bz = 5.8080 µT",,,,,,"12:07:08.439 -> Bx = 90.3000 µT, By = 2217.0000 µT, Bz = 21.2960 µT",,,,,,"12:07:33.656 -> Bx = 100.5000 µT, By = 2068.5000 µT, Bz = 28.0720 µT",,,,,,"12:08:18.754 -> Bx = 109.2000 µT, By = 1907.1000 µT, Bz = 31.4600 µT",,,,,,"12:08:52.226 -> Bx = 115.5000 µT, By = 1842.3000 µT, Bz = 29.5240 µT",,,,,,"12:09:41.854 -> Bx = 120.9000 µT, By = 1789.8000 µT, Bz = 28.0720 µT",,,,,,"12:10:14.920 -> Bx = 126.0000 µT, By = 1754.7000 µT, Bz = 22.7480 µT",,,,,,"12:10:55.881 -> Bx = 129.3000 µT, By = 1737.6000 µT, Bz = 18.3920 µT",,,,,,,"12:11:44.232 -> Bx = 131.7000 µT, By = 1739.7000 µT, Bz = 13.0680 µT",,,,,,"12:12:11.549 -> Bx = 136.8000 µT, By = 1759.2000 µT, Bz = 6.2920 µT",,,,,,"12:12:45.443 -> Bx = 140.7000 µT, By = 1798.2000 µT, Bz = 6.7760 µT",,,,,,"12:13:11.083 -> Bx = 149.4000 µT, By = 1848.6000 µT, Bz = -1.4520 µT",,,,,,"12:13:32.152 -> Bx = 158.7000 µT, By = 1921.2000 µT, Bz = -4.8400 µT",,,,,,"12:13:51.604 -> Bx = 182.1000 µT, By = 1998.6000 µT, Bz = -8.2280 µT",,,,,,"12:14:23.412 -> Bx = 190.5000 µT, By = 2083.8000 µT, Bz = -8.2280 µT",,,,,,"12:15:00.633 -> Bx = 206.1000 µT, By = 2161.5000 µT, Bz = -7.2600 µT",,,,,,"12:15:23.802 -> Bx = 211.2000 µT, By = 2236.2001 µT, Bz = -4.3560 µT",,,,,,"12:16:08.470 -> Bx = 214.8000 µT, By = 2297.4001 µT, Bz = 1.9360 µT",,,,,,"12:16:37.815 -> Bx = 218.7000 µT, By = 2338.5000 µT, Bz = 9.6800 µT",,,,,,"12:17:18.324 -> Bx = 215.7000 µT, By = 2352.0000 µT, Bz = 18.8760 µT",,,,,,"12:17:46.040 -> Bx = 216.3000 µT, By = 2333.7001 µT, Bz = 29.0400 µT",,,,,,"12:18:10.004 -> Bx = 213.9000 µT, By = 2287.2001 µT, Bz = 40.6560 µT",,,,,,"12:18:38.559 -> Bx = 196.5000 µT, By = 2115.3000 µT, Bz = 60.0160 µT",,,,,,"12:18:59.636 -> Bx = 168.6000 µT, By = 1851.3000 µT, Bz = 72.1160 µT",,,,,,"12:19:28.561 -> Bx = 138.9000 µT, By = 1572.9000 µT, Bz = 78.4080 µT",,,,,,"12:19:55.022 -> Bx = 105.9000 µT, By = 1290.6000 µT, Bz = 80.8280 µT",,,,,,"12:20:47.972 -> Bx = 37.8000 µT, By = 678.3001 µT, Bz = 75.5040 µT"
"12:03:24.786 -> Bx = -17.7000 µT, By = 258.9000 µT, Bz = 54.2080 µT",,,,,,"12:03:53.709 -> Bx = -15.0000 µT, By = 755.7000 µT, Bz = 26.1360 µT",,,,,,"12:04:23.914 -> Bx = -14.1000 µT, By = 1436.4000 µT, Bz = -16.4560 µT",,,,,,"12:04:50.376 -> Bx = -10.2000 µT, By = 1720.5001 µT, Bz = -25.1680 µT",,,,,,"12:05:15.598 -> Bx = 3.6000 µT, By = 1990.8000 µT, Bz = -29.5240 µT",,,,,,,"12:05:35.437 -> Bx = 7.2000 µT, By = 2205.9001 µT, Bz = -26.6200 µT",,,,,,"12:06:22.158 -> Bx = 45.6000 µT, By = 2320.5000 µT, Bz = -10.6480 µT",,,,,,"12:06:47.370 -> Bx = 68.7000 µT, By = 2322.9001 µT, Bz = 5.8080 µT",,,,,,"12:07:08.853 -> Bx = 90.0000 µT, By = 2216.7001 µT, Bz = 21.2960 µT",,,,,,"12:07:34.075 -> Bx = 100.5000 µT, By = 2068.5000 µT, Bz = 27.5880 µT",,,,,,"12:08:19.139 -> Bx = 109.5000 µT, By = 1906.2000 µT, Bz = 30.4920 µT",,,,,,"12:08:52.640 -> Bx = 115.2000 µT, By = 1842.3000 µT, Bz = 29.5240 µT",,,,,,"12:09:42.273 -> Bx = 121.2000 µT, By = 1789.8000 µT, Bz = 28.0720 µT",,,,,,"12:10:15.337 -> Bx = 125.1000 µT, By = 1754.7000 µT, Bz = 22.7480 µT",,,,,,"12:10:56.271 -> Bx = 129.3000 µT, By = 1737.0001 µT, Bz = 18.8760 µT",,,,,,,"12:11:44.646 -> Bx = 132.0000 µT, By = 1739.4000 µT, Bz = 13.0680 µT",,,,,,"12:12:11.942 -> Bx = 137.1000 µT, By = 1759.2000 µT, Bz = 6.7760 µT",,,,,,"12:12:45.850 -> Bx = 140.7000 µT, By = 1798.8000 µT, Bz = 5.3240 µT",,,,,,"12:13:11.487 -> Bx = 149.1000 µT, By = 1848.6000 µT, Bz = -1.4520 µT",,,,,,"12:13:32.589 -> Bx = 158.7000 µT, By = 1920.6000 µT, Bz = -4.8400 µT",,,,,,"12:13:52.023 -> Bx = 182.1000 µT, By = 1998.9000 µT, Bz = -7.7440 µT",,,,,,"12:14:23.827 -> Bx = 190.2000 µT, By = 2083.5000 µT, Bz = -8.2280 µT",,,,,,"12:15:01.065 -> Bx = 206.4000 µT, By = 2161.5000 µT, Bz = -7.7440 µT",,,,,,"12:15:24.207 -> Bx = 210.9000 µT, By = 2236.8000 µT, Bz = -4.3560 µT",,,,,,"12:16:08.867 -> Bx = 214.8000 µT, By = 2298.0000 µT, Bz = 1.4520 µT",,,,,,"12:16:38.214 -> Bx = 219.0000 µT, By = 2337.3000 µT, Bz = 9.6800 µT",,,,,,"12:17:18.720 -> Bx = 215.7000 µT, By = 2351.4001 µT, Bz = 18.8760 µT",,,,,,"12:17:46.441 -> Bx = 216.6000 µT, By = 2333.7001 µT, Bz = 28.5560 µT",,,,,,"12:18:10.409 -> Bx = 214.2000 µT, By = 2287.2001 µT, Bz = 40.1720 µT",,,,,,"12:18:38.970 -> Bx = 196.8000 µT, By = 2115.3000 µT, Bz = 60.0160 µT",,,,,,"12:19:00.038 -> Bx = 168.6000 µT, By = 1852.2000 µT, Bz = 72.6000 µT",,,,,,"12:19:28.999 -> Bx = 138.3000 µT, By = 1573.2000 µT, Bz = 77.4400 µT",,,,,,"12:19:55.438 -> Bx = 105.0000 µT, By = 1290.9000 µT, Bz = 80.3440 µT",,,,,,"12:20:48.375 -> Bx = 37.8000 µT, By = 678.0000 µT, Bz = 75.5040 µT"
"12:03:25.212 -> Bx = -18.6000 µT, By = 258.6000 µT, Bz = 54.6920 µT",,,,,,"12:03:54.149 -> Bx = -15.0000 µT, By = 756.0000 µT, Bz = 25.6520 µT",,,,,,"12:04:24.306 -> Bx = -13.8000 µT, By = 1436.4000 µT, Bz = -15.4880 µT",,,,,,"12:04:50.779 -> Bx = -10.8000 µT, By = 1720.2000 µT, Bz = -24.2000 µT",,,,,,"12:05:15.998 -> Bx = 2.7000 µT, By = 1990.8000 µT, Bz = -29.5240 µT",,,,,,,"12:05:35.855 -> Bx = 6.9000 µT, By = 2205.9001 µT, Bz = -26.1360 µT",,,,,,"12:06:22.539 -> Bx = 45.6000 µT, By = 2321.1000 µT, Bz = -10.1640 µT",,,,,,"12:06:47.788 -> Bx = 68.7000 µT, By = 2323.8000 µT, Bz = 5.8080 µT",,,,,,"12:07:09.275 -> Bx = 90.0000 µT, By = 2217.0000 µT, Bz = 21.2960 µT",,,,,,"12:07:34.504 -> Bx = 99.9000 µT, By = 2068.2001 µT, Bz = 27.1040 µT",,,,,,"12:08:19.560 -> Bx = 109.2000 µT, By = 1905.9000 µT, Bz = 30.9760 µT",,,,,,"12:08:53.071 -> Bx = 114.6000 µT, By = 1842.3000 µT, Bz = 29.5240 µT",,,,,,"12:09:42.673 -> Bx = 120.6000 µT, By = 1790.1000 µT, Bz = 27.5880 µT",,,,,,"12:10:15.754 -> Bx = 125.4000 µT, By = 1753.2000 µT, Bz = 23.2320 µT",,,,,,"12:10:56.712 -> Bx = 128.7000 µT, By = 1737.0001 µT, Bz = 19.3600 µT",,,,,,,"12:11:45.077 -> Bx = 131.4000 µT, By = 1739.7000 µT, Bz = 13.0680 µT",,,,,,"12:12:12.378 -> Bx = 136.8000 µT, By = 1758.6000 µT, Bz = 7.7440 µT",,,,,,"12:12:46.263 -> Bx = 140.7000 µT, By = 1798.2000 µT, Bz = 5.3240 µT",,,,,,"12:13:11.894 -> Bx = 148.8000 µT, By = 1848.6000 µT, Bz = -1.4520 µT",,,,,,"12:13:32.986 -> Bx = 158.4000 µT, By = 1920.9000 µT, Bz = -4.8400 µT",,,,,,"12:13:52.416 -> Bx = 181.5000 µT, By = 1999.5001 µT, Bz = -7.7440 µT",,,,,,"12:14:24.249 -> Bx = 189.9000 µT, By = 2083.2001 µT, Bz = -8.2280 µT",,,,,,"12:15:01.451 -> Bx = 205.8000 µT, By = 2161.8000 µT, Bz = -7.2600 µT",,,,,,"12:15:24.623 -> Bx = 210.9000 µT, By = 2236.2001 µT, Bz = -4.3560 µT",,,,,,"12:16:09.266 -> Bx = 214.8000 µT, By = 2297.4001 µT, Bz = 0.9680 µT",,,,,,"12:16:38.645 -> Bx = 219.3000 µT, By = 2337.9001 µT, Bz = 9.6800 µT",,,,,,"12:17:19.159 -> Bx = 215.4000 µT, By = 2351.7001 µT, Bz = 18.3920 µT",,,,,,"12:17:46.850 -> Bx = 216.6000 µT, By = 2334.0000 µT, Bz = 29.0400 µT",,,,,,"12:18:10.850 -> Bx = 213.3000 µT, By = 2286.9001 µT, Bz = 39.6880 µT",,,,,,"12:18:39.376 -> Bx = 196.8000 µT, By = 2115.3000 µT, Bz = 59.5320 µT",,,,,,"12:19:00.456 -> Bx = 167.1000 µT, By = 1852.8000 µT, Bz = 72.1160 µT",,,,,,"12:19:29.404 -> Bx = 138.9000 µT, By = 1573.2000 µT, Bz = 78.4080 µT",,,,,,"12:19:55.854 -> Bx = 105.3000 µT, By = 1291.2000 µT, Bz = 80.3440 µT",,,,,,"12:20:48.791 -> Bx = 38.1000 µT, By = 678.3001 µT, Bz = 75.5040 µT"
"12:03:25.607 -> Bx = -18.0000 µT, By = 259.2000 µT, Bz = 54.6920 µT",,,,,,"12:03:54.535 -> Bx = -14.7000 µT, By = 756.0000 µT, Bz = 25.6520 µT",,,,,,"12:04:24.719 -> Bx = -13.5000 µT, By = 1437.0000 µT, Bz = -16.4560 µT",,,,,,"12:04:51.179 -> Bx = -10.2000 µT, By = 1720.5001 µT, Bz = -24.2000 µT",,,,,,"12:05:16.401 -> Bx = 3.0000 µT, By = 1990.5001 µT, Bz = -29.5240 µT",,,,,,,"12:05:36.241 -> Bx = 7.5000 µT, By = 2205.6000 µT, Bz = -26.6200 µT",,,,,,"12:06:22.953 -> Bx = 45.3000 µT, By = 2321.7001 µT, Bz = -10.1640 µT",,,,,,"12:06:48.173 -> Bx = 68.7000 µT, By = 2323.5000 µT, Bz = 6.7760 µT",,,,,,"12:07:09.708 -> Bx = 90.3000 µT, By = 2216.7001 µT, Bz = 22.2640 µT",,,,,,"12:07:34.917 -> Bx = 99.9000 µT, By = 2068.5000 µT, Bz = 26.6200 µT",,,,,,"12:08:19.988 -> Bx = 109.2000 µT, By = 1906.5001 µT, Bz = 31.4600 µT",,,,,,"12:08:53.487 -> Bx = 115.5000 µT, By = 1842.3000 µT, Bz = 30.0080 µT",,,,,,"12:09:43.088 -> Bx = 120.3000 µT, By = 1789.8000 µT, Bz = 28.0720 µT",,,,,,"12:10:16.174 -> Bx = 124.8000 µT, By = 1753.8000 µT, Bz = 23.2320 µT",,,,,,"12:10:57.127 -> Bx = 129.0000 µT, By = 1737.0001 µT, Bz = 18.8760 µT",,,,,,,"12:11:45.474 -> Bx = 131.7000 µT, By = 1739.1000 µT, Bz = 13.5520 µT",,,,,,"12:12:12.758 -> Bx = 136.5000 µT, By = 1759.2000 µT, Bz = 7.7440 µT",,,,,,"12:12:46.667 -> Bx = 140.4000 µT, By = 1798.5001 µT, Bz = 5.3240 µT",,,,,,"12:13:12.324 -> Bx = 149.4000 µT, By = 1848.6000 µT, Bz = -2.9040 µT",,,,,,"12:13:33.417 -> Bx = 158.4000 µT, By = 1921.5001 µT, Bz = -4.3560 µT",,,,,,"12:13:52.830 -> Bx = 181.5000 µT, By = 1998.9000 µT, Bz = -7.7440 µT",,,,,,"12:14:24.682 -> Bx = 190.5000 µT, By = 2083.8000 µT, Bz = -8.2280 µT",,,,,,"12:15:01.896 -> Bx = 205.8000 µT, By = 2161.8000 µT, Bz = -6.7760 µT",,,,,,"12:15:25.042 -> Bx = 211.2000 µT, By = 2236.2001 µT, Bz = -3.8720 µT",,,,,,"12:16:09.699 -> Bx = 214.5000 µT, By = 2296.8000 µT, Bz = 1.4520 µT",,,,,,"12:16:39.049 -> Bx = 218.7000 µT, By = 2338.2001 µT, Bz = 10.1640 µT",,,,,,"12:17:19.561 -> Bx = 215.4000 µT, By = 2351.4001 µT, Bz = 19.3600 µT",,,,,,"12:17:47.258 -> Bx = 216.9000 µT, By = 2333.4001 µT, Bz = 29.0400 µT",,,,,,"12:18:11.265 -> Bx = 213.9000 µT, By = 2286.6000 µT, Bz = 40.6560 µT",,,,,,"12:18:39.768 -> Bx = 196.8000 µT, By = 2115.6000 µT, Bz = 60.0160 µT",,,,,,"12:19:00.886 -> Bx = 167.7000 µT, By = 1852.8000 µT, Bz = 71.6320 µT",,,,,,"12:19:29.830 -> Bx = 138.3000 µT, By = 1572.9000 µT, Bz = 77.9240 µT",,,,,,"12:19:56.288 -> Bx = 105.3000 µT, By = 1290.6000 µT, Bz = 80.3440 µT",,,,,,"12:20:49.210 -> Bx = 37.8000 µT, By = 678.0000 µT, Bz = 75.5040 µT"
"12:03:26.006 -> Bx = -18.3000 µT, By = 258.9000 µT, Bz = 55.1760 µT",,,,,,"12:03:54.969 -> Bx = -15.0000 µT, By = 755.4000 µT, Bz = 25.1680 µT",,,,,,"12:04:25.134 -> Bx = -14.1000 µT, By = 1436.4000 µT, Bz = -15.9720 µT",,,,,,"12:04:51.604 -> Bx = -11.1000 µT, By = 1721.1000 µT, Bz = -23.7160 µT",,,,,,"12:05:16.825 -> Bx = 3.3000 µT, By = 1991.4000 µT, Bz = -29.5240 µT",,,,,,,"12:05:36.656 -> Bx = 7.5000 µT, By = 2205.9001 µT, Bz = -26.1360 µT",,,,,,"12:06:23.371 -> Bx = 46.2000 µT, By = 2320.8000 µT, Bz = -10.6480 µT",,,,,,"12:06:48.608 -> Bx = 68.7000 µT, By = 2322.6000 µT, Bz = 6.7760 µT",,,,,,"12:07:10.086 -> Bx = 90.0000 µT, By = 2217.3000 µT, Bz = 22.2640 µT",,,,,,"12:07:35.332 -> Bx = 100.2000 µT, By = 2068.5000 µT, Bz = 26.1360 µT",,,,,,"12:08:20.382 -> Bx = 109.2000 µT, By = 1906.2000 µT, Bz = 31.4600 µT",,,,,,"12:08:53.886 -> Bx = 115.5000 µT, By = 1842.9000 µT, Bz = 30.9760 µT",,,,,,"12:09:43.493 -> Bx = 120.6000 µT, By = 1790.7000 µT, Bz = 28.0720 µT",,,,,,"12:10:16.589 -> Bx = 125.4000 µT, By = 1753.8000 µT, Bz = 23.2320 µT",,,,,,"12:10:57.508 -> Bx = 128.7000 µT, By = 1737.0001 µT, Bz = 19.8440 µT",,,,,,,"12:11:45.890 -> Bx = 131.4000 µT, By = 1739.7000 µT, Bz = 13.0680 µT",,,,,,"12:12:13.185 -> Bx = 136.5000 µT, By = 1759.2000 µT, Bz = 7.2600 µT",,,,,,"12:12:47.093 -> Bx = 140.4000 µT, By = 1797.9000 µT, Bz = 5.3240 µT",,,,,,"12:13:12.712 -> Bx = 148.8000 µT, By = 1848.6000 µT, Bz = -1.4520 µT",,,,,,"12:13:33.798 -> Bx = 158.4000 µT, By = 1920.9000 µT, Bz = -5.3240 µT",,,,,,"12:13:53.250 -> Bx = 181.5000 µT, By = 1998.3000 µT, Bz = -8.2280 µT",,,,,,"12:14:25.096 -> Bx = 190.5000 µT, By = 2083.5000 µT, Bz = -7.7440 µT",,,,,,"12:15:02.295 -> Bx = 206.1000 µT, By = 2161.5000 µT, Bz = -6.7760 µT",,,,,,"12:15:25.440 -> Bx = 211.2000 µT, By = 2236.2001 µT, Bz = -3.8720 µT",,,,,,"12:16:10.096 -> Bx = 215.1000 µT, By = 2295.9001 µT, Bz = 1.4520 µT",,,,,,"12:16:39.454 -> Bx = 219.0000 µT, By = 2338.8000 µT, Bz = 9.1960 µT",,,,,,"12:17:19.984 -> Bx = 215.4000 µT, By = 2351.4001 µT, Bz = 18.8760 µT",,,,,,"12:17:47.671 -> Bx = 216.6000 µT, By = 2334.0000 µT, Bz = 29.5240 µT",,,,,,"12:18:11.668 -> Bx = 213.9000 µT, By = 2286.6000 µT, Bz = 39.6880 µT",,,,,,"12:18:40.184 -> Bx = 196.8000 µT, By = 2115.9001 µT, Bz = 60.0160 µT",,,,,,"12:19:01.299 -> Bx = 167.4000 µT, By = 1853.1000 µT, Bz = 72.1160 µT",,,,,,"12:19:30.235 -> Bx = 138.9000 µT, By = 1572.9000 µT, Bz = 78.8920 µT",,,,,,"12:19:56.710 -> Bx = 105.6000 µT, By = 1290.9000 µT, Bz = 80.8280 µT",,,,,,"12:20:49.626 -> Bx = 37.5000 µT, By = 678.3001 µT, Bz = 75.9880 µT"
"12:03:26.430 -> Bx = -18.6000 µT, By = 258.3000 µT, Bz = 55.1760 µT",,,,,,"12:03:55.364 -> Bx = -15.3000 µT, By = 756.3001 µT, Bz = 25.1680 µT",,,,,,"12:04:25.565 -> Bx = -13.8000 µT, By = 1436.7000 µT, Bz = -15.9720 µT",,,,,,"12:04:52.015 -> Bx = -10.8000 µT, By = 1720.2000 µT, Bz = -23.7160 µT",,,,,,"12:05:17.249 -> Bx = 2.7000 µT, By = 1990.5001 µT, Bz = -29.5240 µT",,,,,,,"12:05:37.073 -> Bx = 6.9000 µT, By = 2205.9001 µT, Bz = -26.6200 µT",,,,,,"12:06:23.786 -> Bx = 45.6000 µT, By = 2321.4001 µT, Bz = -10.6480 µT",,,,,,"12:06:49.005 -> Bx = 69.6000 µT, By = 2323.2001 µT, Bz = 5.8080 µT",,,,,,"12:07:10.495 -> Bx = 90.0000 µT, By = 2217.0000 µT, Bz = 21.7800 µT",,,,,,"12:07:35.731 -> Bx = 100.5000 µT, By = 2068.5000 µT, Bz = 25.6520 µT",,,,,,"12:08:20.816 -> Bx = 109.8000 µT, By = 1905.9000 µT, Bz = 31.9440 µT",,,,,,"12:08:54.287 -> Bx = 115.2000 µT, By = 1842.0001 µT, Bz = 30.4920 µT",,,,,,"12:09:43.934 -> Bx = 120.9000 µT, By = 1789.8000 µT, Bz = 27.5880 µT",,,,,,"12:10:17.004 -> Bx = 125.4000 µT, By = 1754.4000 µT, Bz = 23.2320 µT",,,,,,"12:10:57.943 -> Bx = 128.4000 µT, By = 1736.4000 µT, Bz = 18.8760 µT",,,,,,,"12:11:46.297 -> Bx = 131.7000 µT, By = 1739.4000 µT, Bz = 12.5840 µT",,,,,,"12:12:13.600 -> Bx = 136.2000 µT, By = 1758.9000 µT, Bz = 7.2600 µT",,,,,,"12:12:47.498 -> Bx = 140.4000 µT, By = 1797.6000 µT, Bz = 5.3240 µT",,,,,,"12:13:13.139 -> Bx = 148.5000 µT, By = 1848.0001 µT, Bz = -1.4520 µT",,,,,,"12:13:34.233 -> Bx = 158.1000 µT, By = 1920.3000 µT, Bz = -4.3560 µT",,,,,,"12:13:53.664 -> Bx = 181.5000 µT, By = 1998.3000 µT, Bz = -8.2280 µT",,,,,,"12:14:25.482 -> Bx = 190.5000 µT, By = 2083.5000 µT, Bz = -7.7440 µT",,,,,,"12:15:02.719 -> Bx = 205.8000 µT, By = 2161.2001 µT, Bz = -7.2600 µT",,,,,,"12:15:25.858 -> Bx = 211.5000 µT, By = 2236.8000 µT, Bz = -4.3560 µT",,,,,,"12:16:10.518 -> Bx = 214.5000 µT, By = 2296.5000 µT, Bz = 0.4840 µT",,,,,,"12:16:39.873 -> Bx = 219.3000 µT, By = 2338.2001 µT, Bz = 9.6800 µT",,,,,,"12:17:20.401 -> Bx = 215.1000 µT, By = 2351.7001 µT, Bz = 19.3600 µT",,,,,,"12:17:48.082 -> Bx = 216.3000 µT, By = 2333.7001 µT, Bz = 29.0400 µT",,,,,,"12:18:12.097 -> Bx = 214.2000 µT, By = 2287.2001 µT, Bz = 40.6560 µT",,,,,,"12:18:40.595 -> Bx = 197.1000 µT, By = 2115.6000 µT, Bz = 59.0480 µT",,,,,,"12:19:01.708 -> Bx = 167.1000 µT, By = 1853.1000 µT, Bz = 72.1160 µT",,,,,,"12:19:30.634 -> Bx = 138.3000 µT, By = 1573.2000 µT, Bz = 78.4080 µT",,,,,,"12:19:57.108 -> Bx = 105.0000 µT, By = 1290.9000 µT, Bz = 80.8280 µT",,,,,,"12:20:50.026 -> Bx = 37.5000 µT, By = 678.0000 µT, Bz = 75.5040 µT"
"12:03:26.847 -> Bx = -18.0000 µT, By = 258.6000 µT, Bz = 55.1760 µT",,,,,,"12:03:55.782 -> Bx = -15.0000 µT, By = 755.7000 µT, Bz = 25.1680 µT",,,,,,"12:04:25.965 -> Bx = -13.5000 µT, By = 1436.4000 µT, Bz = -15.9720 µT",,,,,,"12:04:52.419 -> Bx = -9.3000 µT, By = 1720.8000 µT, Bz = -24.2000 µT",,,,,,"12:05:17.661 -> Bx = 2.7000 µT, By = 1990.5001 µT, Bz = -29.0400 µT",,,,,,,"12:05:37.478 -> Bx = 7.2000 µT, By = 2205.3000 µT, Bz = -26.1360 µT",,,,,,"12:06:24.222 -> Bx = 45.9000 µT, By = 2321.1000 µT, Bz = -12.1000 µT",,,,,,"12:06:49.435 -> Bx = 69.0000 µT, By = 2323.5000 µT, Bz = 6.7760 µT",,,,,,"12:07:10.922 -> Bx = 90.0000 µT, By = 2216.4001 µT, Bz = 22.2640 µT",,,,,,"12:07:36.134 -> Bx = 100.2000 µT, By = 2069.1000 µT, Bz = 25.6520 µT",,,,,,"12:08:21.234 -> Bx = 109.5000 µT, By = 1906.2000 µT, Bz = 31.4600 µT",,,,,,"12:08:54.696 -> Bx = 114.9000 µT, By = 1842.6000 µT, Bz = 30.4920 µT",,,,,,"12:09:44.350 -> Bx = 120.9000 µT, By = 1789.8000 µT, Bz = 27.5880 µT",,,,,,"12:10:17.399 -> Bx = 125.4000 µT, By = 1754.7000 µT, Bz = 23.2320 µT",,,,,,"12:10:58.331 -> Bx = 129.0000 µT, By = 1737.3000 µT, Bz = 19.3600 µT",,,,,,,"12:11:46.709 -> Bx = 131.7000 µT, By = 1740.3000 µT, Bz = 13.5520 µT",,,,,,"12:12:14.001 -> Bx = 136.5000 µT, By = 1758.3000 µT, Bz = 7.2600 µT",,,,,,"12:12:47.912 -> Bx = 140.4000 µT, By = 1798.5001 µT, Bz = 5.8080 µT",,,,,,"12:13:13.549 -> Bx = 149.1000 µT, By = 1848.9000 µT, Bz = -1.4520 µT",,,,,,"12:13:34.626 -> Bx = 158.4000 µT, By = 1920.6000 µT, Bz = -4.8400 µT",,,,,,"12:13:54.083 -> Bx = 182.1000 µT, By = 1998.9000 µT, Bz = -7.2600 µT",,,,,,"12:14:25.896 -> Bx = 190.8000 µT, By = 2083.2001 µT, Bz = -8.2280 µT",,,,,,"12:15:03.122 -> Bx = 205.8000 µT, By = 2161.2001 µT, Bz = -7.2600 µT",,,,,,"12:15:26.275 -> Bx = 211.5000 µT, By = 2236.5000 µT, Bz = -3.3880 µT",,,,,,"12:16:10.934 -> Bx = 214.8000 µT, By = 2296.8000 µT, Bz = 0.9680 µT",,,,,,"12:16:40.289 -> Bx = 219.0000 µT, By = 2338.5000 µT, Bz = 9.6800 µT",,,,,,"12:17:20.817 -> Bx = 214.8000 µT, By = 2351.7001 µT, Bz = 18.8760 µT",,,,,,"12:17:48.522 -> Bx = 216.3000 µT, By = 2334.0000 µT, Bz = 28.5560 µT",,,,,,"12:18:12.485 -> Bx = 214.8000 µT, By = 2287.2001 µT, Bz = 40.1720 µT",,,,,,"12:18:41.033 -> Bx = 197.1000 µT, By = 2115.6000 µT, Bz = 59.5320 µT",,,,,,"12:19:02.107 -> Bx = 167.4000 µT, By = 1852.8000 µT, Bz = 72.6000 µT",,,,,,"12:19:31.074 -> Bx = 138.3000 µT, By = 1572.9000 µT, Bz = 78.4080 µT",,,,,,"12:19:57.525 -> Bx = 105.6000 µT, By = 1290.6000 µT, Bz = 80.8280 µT",,,,,,"12:20:50.425 -> Bx = 37.5000 µT, By = 678.3001 µT, Bz = 76.4720 µT"
"12:03:27.249 -> Bx = -18.3000 µT, By = 258.9000 µT, Bz = 55.1760 µT",,,,,,"12:03:56.221 -> Bx = -15.3000 µT, By = 755.7000 µT, Bz = 25.1680 µT",,,,,,"12:04:26.399 -> Bx = -13.8000 µT, By = 1436.1000 µT, Bz = -16.4560 µT",,,,,,"12:04:52.846 -> Bx = -9.6000 µT, By = 1721.1000 µT, Bz = -23.7160 µT",,,,,,"12:05:18.080 -> Bx = 2.4000 µT, By = 1991.1000 µT, Bz = -29.5240 µT",,,,,,,"12:05:37.908 -> Bx = 7.5000 µT, By = 2205.6000 µT, Bz = -26.1360 µT",,,,,,"12:06:24.616 -> Bx = 46.2000 µT, By = 2320.8000 µT, Bz = -11.6160 µT",,,,,,"12:06:49.836 -> Bx = 69.0000 µT, By = 2322.9001 µT, Bz = 6.2920 µT",,,,,,"12:07:11.355 -> Bx = 90.9000 µT, By = 2217.3000 µT, Bz = 21.7800 µT",,,,,,"12:07:36.575 -> Bx = 100.2000 µT, By = 2068.5000 µT, Bz = 25.6520 µT",,,,,,"12:08:21.622 -> Bx = 109.2000 µT, By = 1906.2000 µT, Bz = 31.4600 µT",,,,,,"12:08:55.138 -> Bx = 114.9000 µT, By = 1842.6000 µT, Bz = 30.4920 µT",,,,,,"12:09:44.733 -> Bx = 120.9000 µT, By = 1790.1000 µT, Bz = 28.0720 µT",,,,,,"12:10:17.812 -> Bx = 125.4000 µT, By = 1754.4000 µT, Bz = 23.2320 µT",,,,,,"12:10:58.755 -> Bx = 128.7000 µT, By = 1737.0001 µT, Bz = 19.3600 µT",,,,,,,"12:11:47.123 -> Bx = 131.7000 µT, By = 1739.4000 µT, Bz = 13.5520 µT",,,,,,"12:12:14.418 -> Bx = 135.9000 µT, By = 1759.5001 µT, Bz = 7.7440 µT",,,,,,"12:12:48.334 -> Bx = 140.1000 µT, By = 1797.9000 µT, Bz = 6.2920 µT",,,,,,"12:13:13.968 -> Bx = 148.8000 µT, By = 1849.8000 µT, Bz = -0.9680 µT",,,,,,"12:13:35.047 -> Bx = 158.7000 µT, By = 1920.6000 µT, Bz = -4.8400 µT",,,,,,"12:13:54.501 -> Bx = 181.8000 µT, By = 1998.9000 µT, Bz = -8.2280 µT",,,,,,"12:14:26.330 -> Bx = 190.5000 µT, By = 2082.9001 µT, Bz = -7.2600 µT",,,,,,"12:15:03.541 -> Bx = 206.1000 µT, By = 2161.5000 µT, Bz = -6.7760 µT",,,,,,"12:15:26.692 -> Bx = 210.9000 µT, By = 2237.1000 µT, Bz = -3.3880 µT",,,,,,"12:16:11.358 -> Bx = 214.5000 µT, By = 2296.2001 µT, Bz = 1.9360 µT",,,,,,"12:16:40.695 -> Bx = 219.3000 µT, By = 2337.9001 µT, Bz = 9.6800 µT",,,,,,"12:17:21.215 -> Bx = 215.4000 µT, By = 2352.0000 µT, Bz = 18.8760 µT",,,,,,"12:17:48.918 -> Bx = 216.3000 µT, By = 2333.7001 µT, Bz = 29.0400 µT",,,,,,"12:18:12.895 -> Bx = 213.9000 µT, By = 2287.5000 µT, Bz = 40.1720 µT",,,,,,"12:18:41.442 -> Bx = 197.1000 µT, By = 2115.6000 µT, Bz = 59.5320 µT",,,,,,"12:19:02.508 -> Bx = 168.0000 µT, By = 1852.5001 µT, Bz = 72.6000 µT",,,,,,"12:19:31.472 -> Bx = 138.6000 µT, By = 1573.2000 µT, Bz = 78.4080 µT",,,,,,"12:19:57.918 -> Bx = 105.3000 µT, By = 1291.5000 µT, Bz = 81.3120 µT",,,,,,"12:20:50.857 -> Bx = 37.2000 µT, By = 678.3001 µT, Bz = 76.4720 µT"
"12:03:27.673 -> Bx = -18.3000 µT, By = 258.9000 µT, Bz = 55.1760 µT",,,,,,"12:03:56.598 -> Bx = -15.3000 µT, By = 755.1000 µT, Bz = 24.6840 µT",,,,,,"12:04:26.810 -> Bx = -14.4000 µT, By = 1436.7000 µT, Bz = -15.9720 µT",,,,,,"12:04:53.260 -> Bx = -8.7000 µT, By = 1720.8000 µT, Bz = -23.7160 µT",,,,,,"12:05:18.464 -> Bx = 2.1000 µT, By = 1990.5001 µT, Bz = -29.5240 µT",,,,,,,"12:05:38.322 -> Bx = 7.5000 µT, By = 2205.9001 µT, Bz = -26.6200 µT",,,,,,"12:06:25.047 -> Bx = 45.9000 µT, By = 2321.4001 µT, Bz = -11.6160 µT",,,,,,"12:06:50.271 -> Bx = 68.7000 µT, By = 2323.5000 µT, Bz = 6.2920 µT",,,,,,"12:07:11.764 -> Bx = 90.0000 µT, By = 2217.0000 µT, Bz = 22.2640 µT",,,,,,"12:07:36.983 -> Bx = 99.9000 µT, By = 2068.8000 µT, Bz = 25.6520 µT",,,,,,"12:08:22.029 -> Bx = 109.5000 µT, By = 1906.2000 µT, Bz = 30.9760 µT",,,,,,"12:08:55.540 -> Bx = 114.9000 µT, By = 1842.6000 µT, Bz = 30.0080 µT",,,,,,"12:09:45.143 -> Bx = 120.6000 µT, By = 1789.8000 µT, Bz = 27.5880 µT",,,,,,"12:10:18.242 -> Bx = 125.7000 µT, By = 1754.4000 µT, Bz = 23.7160 µT",,,,,,"12:10:59.175 -> Bx = 129.0000 µT, By = 1737.3000 µT, Bz = 19.3600 µT",,,,,,,"12:11:47.569 -> Bx = 131.7000 µT, By = 1739.7000 µT, Bz = 13.0680 µT",,,,,,"12:12:14.850 -> Bx = 136.2000 µT, By = 1759.2000 µT, Bz = 8.2280 µT",,,,,,"12:12:48.747 -> Bx = 140.1000 µT, By = 1798.2000 µT, Bz = 6.2920 µT",,,,,,"12:13:14.392 -> Bx = 149.1000 µT, By = 1848.9000 µT, Bz = -1.4520 µT",,,,,,"12:13:35.464 -> Bx = 158.4000 µT, By = 1921.5001 µT, Bz = -4.8400 µT",,,,,,"12:13:54.902 -> Bx = 181.5000 µT, By = 1998.9000 µT, Bz = -7.7440 µT",,,,,,"12:14:26.734 -> Bx = 190.2000 µT, By = 2083.5000 µT, Bz = -8.2280 µT",,,,,,"12:15:03.935 -> Bx = 205.5000 µT, By = 2161.2001 µT, Bz = -7.2600 µT",,,,,,"12:15:27.107 -> Bx = 211.2000 µT, By = 2236.2001 µT, Bz = -3.8720 µT",,,,,,"12:16:11.750 -> Bx = 214.8000 µT, By = 2296.5000 µT, Bz = 1.4520 µT",,,,,,"12:16:41.109 -> Bx = 219.3000 µT, By = 2338.5000 µT, Bz = 9.6800 µT",,,,,,"12:17:21.632 -> Bx = 215.4000 µT, By = 2351.7001 µT, Bz = 18.8760 µT",,,,,,"12:17:49.321 -> Bx = 216.3000 µT, By = 2334.9001 µT, Bz = 29.0400 µT",,,,,,"12:18:13.334 -> Bx = 213.9000 µT, By = 2286.9001 µT, Bz = 40.1720 µT",,,,,,"12:18:41.852 -> Bx = 197.1000 µT, By = 2115.3000 µT, Bz = 59.5320 µT",,,,,,"12:19:02.933 -> Bx = 168.0000 µT, By = 1853.7000 µT, Bz = 72.1160 µT",,,,,,"12:19:31.869 -> Bx = 138.3000 µT, By = 1572.6000 µT, Bz = 77.9240 µT",,,,,,"12:19:58.353 -> Bx = 105.6000 µT, By = 1290.9000 µT, Bz = 81.3120 µT",,,,,,"12:20:51.263 -> Bx = 37.2000 µT, By = 678.0000 µT, Bz = 75.9880 µT"
"12:03:28.079 -> Bx = -18.0000 µT, By = 258.9000 µT, Bz = 55.1760 µT",,,,,,"12:03:57.032 -> Bx = -15.3000 µT, By = 755.7000 µT, Bz = 25.6520 µT",,,,,,"12:04:27.202 -> Bx = -13.5000 µT, By = 1436.4000 µT, Bz = -15.9720 µT",,,,,,"12:04:53.672 -> Bx = -9.6000 µT, By = 1720.2000 µT, Bz = -24.2000 µT",,,,,,"12:05:18.906 -> Bx = 2.7000 µT, By = 1991.1000 µT, Bz = -28.5560 µT",,,,,,,"12:05:38.737 -> Bx = 7.2000 µT, By = 2205.9001 µT, Bz = -26.1360 µT",,,,,,"12:06:25.465 -> Bx = 46.2000 µT, By = 2321.4001 µT, Bz = -11.1320 µT",,,,,,"12:06:50.670 -> Bx = 69.0000 µT, By = 2323.8000 µT, Bz = 5.8080 µT",,,,,,"12:07:12.179 -> Bx = 90.0000 µT, By = 2217.3000 µT, Bz = 21.7800 µT",,,,,,"12:07:37.372 -> Bx = 99.9000 µT, By = 2068.8000 µT, Bz = 26.1360 µT",,,,,,"12:08:22.466 -> Bx = 109.2000 µT, By = 1906.5001 µT, Bz = 31.9440 µT",,,,,,"12:08:55.938 -> Bx = 114.9000 µT, By = 1842.9000 µT, Bz = 30.4920 µT",,,,,,"12:09:45.584 -> Bx = 120.3000 µT, By = 1789.5001 µT, Bz = 27.5880 µT",,,,,,"12:10:18.634 -> Bx = 125.4000 µT, By = 1754.4000 µT, Bz = 23.7160 µT",,,,,,"12:10:59.593 -> Bx = 128.4000 µT, By = 1737.3000 µT, Bz = 19.3600 µT",,,,,,,"12:11:47.965 -> Bx = 132.3000 µT, By = 1739.7000 µT, Bz = 13.5520 µT",,,,,,"12:12:15.250 -> Bx = 135.9000 µT, By = 1758.9000 µT, Bz = 7.7440 µT",,,,,,"12:12:49.166 -> Bx = 140.4000 µT, By = 1797.9000 µT, Bz = 6.2920 µT",,,,,,"12:13:14.799 -> Bx = 149.1000 µT, By = 1848.3000 µT, Bz = -1.9360 µT",,,,,,"12:13:35.883 -> Bx = 158.4000 µT, By = 1921.2000 µT, Bz = -4.8400 µT",,,,,,"12:13:55.335 -> Bx = 181.2000 µT, By = 1998.6000 µT, Bz = -8.2280 µT",,,,,,"12:14:27.161 -> Bx = 190.8000 µT, By = 2083.8000 µT, Bz = -7.7440 µT",,,,,,"12:15:04.352 -> Bx = 205.8000 µT, By = 2161.2001 µT, Bz = -6.7760 µT",,,,,,"12:15:27.508 -> Bx = 210.6000 µT, By = 2236.5000 µT, Bz = -3.8720 µT",,,,,,"12:16:12.153 -> Bx = 214.8000 µT, By = 2296.5000 µT, Bz = 0.9680 µT",,,,,,"12:16:41.507 -> Bx = 219.6000 µT, By = 2338.2001 µT, Bz = 9.1960 µT",,,,,,"12:17:22.035 -> Bx = 215.4000 µT, By = 2351.1000 µT, Bz = 18.8760 µT",,,,,,"12:17:49.741 -> Bx = 216.6000 µT, By = 2333.4001 µT, Bz = 28.5560 µT",,,,,,"12:18:13.726 -> Bx = 214.5000 µT, By = 2287.2001 µT, Bz = 40.1720 µT",,,,,,"12:18:42.265 -> Bx = 197.4000 µT, By = 2115.3000 µT, Bz = 59.5320 µT",,,,,,"12:19:03.352 -> Bx = 168.0000 µT, By = 1852.8000 µT, Bz = 72.1160 µT",,,,,,"12:19:32.308 -> Bx = 138.9000 µT, By = 1572.6000 µT, Bz = 77.9240 µT",,,,,,"12:19:58.774 -> Bx = 105.0000 µT, By = 1290.3000 µT, Bz = 81.3120 µT",,,,,,"12:20:51.695 -> Bx = 37.2000 µT, By = 678.6000 µT, Bz = 75.9880 µT"
"12:03:28.513 -> Bx = -18.3000 µT, By = 258.9000 µT, Bz = 54.2080 µT",,,,,,"12:03:57.430 -> Bx = -15.3000 µT, By = 756.0000 µT, Bz = 25.6520 µT",,,,,,"12:04:27.636 -> Bx = -14.1000 µT, By = 1436.1000 µT, Bz = -15.9720 µT",,,,,,"12:04:54.071 -> Bx = -11.4000 µT, By = 1720.2000 µT, Bz = -23.7160 µT",,,,,,,,,,,,,"12:05:39.140 -> Bx = 6.6000 µT, By = 2205.9001 µT, Bz = -25.6520 µT",,,,,,"12:06:25.860 -> Bx = 45.9000 µT, By = 2321.1000 µT, Bz = -11.1320 µT",,,,,,"12:06:51.081 -> Bx = 69.0000 µT, By = 2323.5000 µT, Bz = 6.7760 µT",,,,,,"12:07:12.567 -> Bx = 89.7000 µT, By = 2216.7001 µT, Bz = 21.2960 µT",,,,,,"12:07:37.785 -> Bx = 100.2000 µT, By = 2068.2001 µT, Bz = 25.6520 µT",,,,,,"12:08:22.883 -> Bx = 108.9000 µT, By = 1905.6000 µT, Bz = 32.4280 µT",,,,,,"12:08:56.373 -> Bx = 115.2000 µT, By = 1842.3000 µT, Bz = 30.4920 µT",,,,,,"12:09:45.999 -> Bx = 120.9000 µT, By = 1790.1000 µT, Bz = 27.1040 µT",,,,,,"12:10:19.072 -> Bx = 125.4000 µT, By = 1754.7000 µT, Bz = 23.7160 µT",,,,,,"12:11:00.018 -> Bx = 128.4000 µT, By = 1737.6000 µT, Bz = 19.3600 µT",,,,,,,"12:11:48.385 -> Bx = 132.0000 µT, By = 1739.4000 µT, Bz = 14.0360 µT",,,,,,"12:12:15.682 -> Bx = 136.2000 µT, By = 1758.9000 µT, Bz = 8.2280 µT",,,,,,"12:12:49.583 -> Bx = 140.7000 µT, By = 1798.2000 µT, Bz = 4.8400 µT",,,,,,"12:13:15.203 -> Bx = 149.1000 µT, By = 1848.9000 µT, Bz = -1.9360 µT",,,,,,"12:13:36.299 -> Bx = 158.4000 µT, By = 1921.2000 µT, Bz = -4.8400 µT",,,,,,"12:13:55.741 -> Bx = 181.8000 µT, By = 1998.6000 µT, Bz = -6.7760 µT",,,,,,"12:14:27.558 -> Bx = 190.2000 µT, By = 2082.6000 µT, Bz = -8.2280 µT",,,,,,"12:15:04.782 -> Bx = 205.2000 µT, By = 2161.2001 µT, Bz = -6.7760 µT",,,,,,"12:15:27.926 -> Bx = 210.6000 µT, By = 2235.9001 µT, Bz = -3.8720 µT",,,,,,"12:16:12.566 -> Bx = 215.1000 µT, By = 2295.9001 µT, Bz = 0.9680 µT",,,,,,"12:16:41.933 -> Bx = 219.3000 µT, By = 2337.9001 µT, Bz = 9.1960 µT",,,,,,"12:17:22.465 -> Bx = 215.4000 µT, By = 2351.7001 µT, Bz = 19.3600 µT",,,,,,"12:17:50.151 -> Bx = 216.3000 µT, By = 2333.7001 µT, Bz = 28.5560 µT",,,,,,"12:18:14.154 -> Bx = 214.2000 µT, By = 2286.3000 µT, Bz = 40.1720 µT",,,,,,"12:18:42.684 -> Bx = 196.8000 µT, By = 2115.9001 µT, Bz = 59.5320 µT",,,,,,"12:19:03.750 -> Bx = 168.3000 µT, By = 1852.2000 µT, Bz = 72.1160 µT",,,,,,"12:19:32.692 -> Bx = 138.6000 µT, By = 1572.3000 µT, Bz = 78.4080 µT",,,,,,"12:19:59.172 -> Bx = 105.3000 µT, By = 1290.9000 µT, Bz = 81.3120 µT",,,,,,"12:20:52.106 -> Bx = 37.5000 µT, By = 677.7000 µT, Bz = 75.5040 µT"
"12:03:28.933 -> Bx = -18.0000 µT, By = 258.6000 µT, Bz = 54.6920 µT",,,,,,"12:03:57.841 -> Bx = -15.0000 µT, By = 755.1000 µT, Bz = 25.6520 µT",,,,,,"12:04:28.054 -> Bx = -13.8000 µT, By = 1436.4000 µT, Bz = -14.5200 µT",,,,,,"12:04:54.516 -> Bx = -10.8000 µT, By = 1721.1000 µT, Bz = -24.2000 µT",,,,,,,,,,,,,"12:05:39.570 -> Bx = 6.9000 µT, By = 2205.6000 µT, Bz = -25.6520 µT",,,,,,"12:06:26.266 -> Bx = 45.9000 µT, By = 2320.5000 µT, Bz = -10.6480 µT",,,,,,"12:06:51.501 -> Bx = 68.7000 µT, By = 2323.2001 µT, Bz = 6.2920 µT",,,,,,"12:07:12.985 -> Bx = 90.3000 µT, By = 2217.3000 µT, Bz = 21.7800 µT",,,,,,"12:07:38.232 -> Bx = 100.5000 µT, By = 2068.8000 µT, Bz = 26.1360 µT",,,,,,"12:08:23.279 -> Bx = 109.2000 µT, By = 1906.8000 µT, Bz = 31.4600 µT",,,,,,"12:08:56.764 -> Bx = 114.9000 µT, By = 1842.6000 µT, Bz = 30.0080 µT",,,,,,"12:09:46.400 -> Bx = 120.6000 µT, By = 1790.1000 µT, Bz = 27.1040 µT",,,,,,"12:10:19.465 -> Bx = 125.7000 µT, By = 1753.5001 µT, Bz = 23.2320 µT",,,,,,"12:11:00.419 -> Bx = 128.7000 µT, By = 1737.6000 µT, Bz = 19.3600 µT",,,,,,,"12:11:48.797 -> Bx = 132.0000 µT, By = 1739.1000 µT, Bz = 13.5520 µT",,,,,,"12:12:16.084 -> Bx = 135.9000 µT, By = 1759.2000 µT, Bz = 8.2280 µT",,,,,,"12:12:49.999 -> Bx = 140.7000 µT, By = 1798.5001 µT, Bz = 5.8080 µT",,,,,,"12:13:15.614 -> Bx = 149.1000 µT, By = 1848.9000 µT, Bz = -0.9680 µT",,,,,,"12:13:36.697 -> Bx = 158.1000 µT, By = 1921.2000 µT, Bz = -4.8400 µT",,,,,,"12:13:56.130 -> Bx = 181.8000 µT, By = 1998.9000 µT, Bz = -7.7440 µT",,,,,,"12:14:27.960 -> Bx = 190.2000 µT, By = 2082.9001 µT, Bz = -7.7440 µT",,,,,,"12:15:05.181 -> Bx = 205.8000 µT, By = 2161.5000 µT, Bz = -7.2600 µT",,,,,,"12:15:28.336 -> Bx = 210.9000 µT, By = 2236.5000 µT, Bz = -4.3560 µT",,,,,,"12:16:13.016 -> Bx = 214.5000 µT, By = 2296.8000 µT, Bz = 1.4520 µT",,,,,,"12:16:42.337 -> Bx = 219.3000 µT, By = 2338.2001 µT, Bz = 9.6800 µT",,,,,,"12:17:22.865 -> Bx = 215.1000 µT, By = 2351.4001 µT, Bz = 18.3920 µT",,,,,,"12:17:50.569 -> Bx = 216.0000 µT, By = 2333.7001 µT, Bz = 29.0400 µT",,,,,,"12:18:14.551 -> Bx = 213.6000 µT, By = 2286.9001 µT, Bz = 41.1400 µT",,,,,,"12:18:43.082 -> Bx = 196.8000 µT, By = 2115.0000 µT, Bz = 59.5320 µT",,,,,,"12:19:04.166 -> Bx = 168.0000 µT, By = 1852.8000 µT, Bz = 72.1160 µT",,,,,,"12:19:33.140 -> Bx = 138.0000 µT, By = 1573.2000 µT, Bz = 78.8920 µT",,,,,,"12:19:59.606 -> Bx = 104.7000 µT, By = 1290.6000 µT, Bz = 80.3440 µT",,,,,,"12:20:52.524 -> Bx = 37.8000 µT, By = 678.0000 µT, Bz = 75.5040 µT"
"12:03:29.328 -> Bx = -17.7000 µT, By = 258.9000 µT, Bz = 54.6920 µT",,,,,,"12:03:58.264 -> Bx = -15.6000 µT, By = 756.0000 µT, Bz = 25.6520 µT",,,,,,"12:04:28.451 -> Bx = -14.4000 µT, By = 1436.4000 µT, Bz = -15.4880 µT",,,,,,"12:04:54.923 -> Bx = -10.5000 µT, By = 1721.1000 µT, Bz = -23.2320 µT",,,,,,,,,,,,,"12:05:39.966 -> Bx = 6.0000 µT, By = 2205.9001 µT, Bz = -25.1680 µT",,,,,,,,,,,,"12:06:51.898 -> Bx = 68.7000 µT, By = 2323.2001 µT, Bz = 5.8080 µT",,,,,,"12:07:13.396 -> Bx = 90.6000 µT, By = 2217.0000 µT, Bz = 21.2960 µT",,,,,,"12:07:38.614 -> Bx = 100.5000 µT, By = 2068.8000 µT, Bz = 26.1360 µT",,,,,,"12:08:23.699 -> Bx = 109.5000 µT, By = 1906.2000 µT, Bz = 31.4600 µT",,,,,,"12:08:57.191 -> Bx = 115.5000 µT, By = 1843.2000 µT, Bz = 30.4920 µT",,,,,,"12:09:46.805 -> Bx = 120.9000 µT, By = 1789.5001 µT, Bz = 27.5880 µT",,,,,,"12:10:19.876 -> Bx = 125.4000 µT, By = 1754.1000 µT, Bz = 23.7160 µT",,,,,,"12:11:00.828 -> Bx = 129.0000 µT, By = 1737.6000 µT, Bz = 18.8760 µT",,,,,,,"12:11:49.203 -> Bx = 132.0000 µT, By = 1739.7000 µT, Bz = 13.5520 µT",,,,,,"12:12:16.498 -> Bx = 136.2000 µT, By = 1759.5001 µT, Bz = 8.7120 µT",,,,,,"12:12:50.418 -> Bx = 140.4000 µT, By = 1797.9000 µT, Bz = 5.3240 µT",,,,,,"12:13:16.033 -> Bx = 149.7000 µT, By = 1848.9000 µT, Bz = -0.9680 µT",,,,,,"12:13:37.116 -> Bx = 158.7000 µT, By = 1920.9000 µT, Bz = -4.8400 µT",,,,,,"12:13:56.557 -> Bx = 181.5000 µT, By = 1998.9000 µT, Bz = -7.2600 µT",,,,,,"12:14:28.382 -> Bx = 190.2000 µT, By = 2083.5000 µT, Bz = -8.2280 µT",,,,,,"12:15:05.601 -> Bx = 205.8000 µT, By = 2161.8000 µT, Bz = -6.7760 µT",,,,,,"12:15:28.768 -> Bx = 210.9000 µT, By = 2235.9001 µT, Bz = -3.3880 µT",,,,,,"12:16:13.414 -> Bx = 214.8000 µT, By = 2296.8000 µT, Bz = 1.9360 µT",,,,,,"12:16:42.747 -> Bx = 219.3000 µT, By = 2337.9001 µT, Bz = 9.6800 µT",,,,,,"12:17:23.275 -> Bx = 215.7000 µT, By = 2350.5000 µT, Bz = 19.3600 µT",,,,,,"12:17:50.985 -> Bx = 216.6000 µT, By = 2334.3000 µT, Bz = 28.5560 µT",,,,,,"12:18:14.968 -> Bx = 213.9000 µT, By = 2286.6000 µT, Bz = 41.1400 µT",,,,,,"12:18:43.501 -> Bx = 197.4000 µT, By = 2115.0000 µT, Bz = 59.0480 µT",,,,,,"12:19:04.593 -> Bx = 168.0000 µT, By = 1852.5001 µT, Bz = 72.1160 µT",,,,,,"12:19:33.537 -> Bx = 138.3000 µT, By = 1573.2000 µT, Bz = 77.9240 µT",,,,,,"12:19:59.991 -> Bx = 104.7000 µT, By = 1290.6000 µT, Bz = 81.3120 µT",,,,,,"12:20:52.905 -> Bx = 37.5000 µT, By = 678.6000 µT, Bz = 75.0200 µT"
"12:03:29.737 -> Bx = -18.0000 µT, By = 258.9000 µT, Bz = 55.1760 µT",,,,,,,,,,,,"12:04:28.882 -> Bx = -14.1000 µT, By = 1436.7000 µT, Bz = -15.0040 µT",,,,,,"12:04:55.318 -> Bx = -11.1000 µT, By = 1720.5001 µT, Bz = -23.7160 µT",,,,,,,,,,,,,"12:05:40.400 -> Bx = 6.3000 µT, By = 2205.9001 µT, Bz = -25.6520 µT",,,,,,,,,,,,"12:06:52.339 -> Bx = 68.7000 µT, By = 2322.9001 µT, Bz = 5.3240 µT",,,,,,"12:07:13.820 -> Bx = 90.9000 µT, By = 2216.7001 µT, Bz = 21.2960 µT",,,,,,"12:07:39.051 -> Bx = 100.2000 µT, By = 2067.9001 µT, Bz = 25.6520 µT",,,,,,"12:08:24.113 -> Bx = 109.5000 µT, By = 1905.9000 µT, Bz = 31.4600 µT",,,,,,"12:08:57.619 -> Bx = 115.2000 µT, By = 1842.6000 µT, Bz = 30.4920 µT",,,,,,"12:09:47.231 -> Bx = 120.3000 µT, By = 1789.8000 µT, Bz = 26.6200 µT",,,,,,"12:10:20.305 -> Bx = 125.4000 µT, By = 1753.2000 µT, Bz = 23.2320 µT",,,,,,"12:11:01.260 -> Bx = 128.4000 µT, By = 1737.3000 µT, Bz = 18.8760 µT",,,,,,,"12:11:49.632 -> Bx = 132.0000 µT, By = 1739.4000 µT, Bz = 13.5520 µT",,,,,,"12:12:16.912 -> Bx = 136.2000 µT, By = 1759.2000 µT, Bz = 8.7120 µT",,,,,,"12:12:50.813 -> Bx = 141.3000 µT, By = 1798.5001 µT, Bz = 5.3240 µT",,,,,,"12:13:16.467 -> Bx = 149.4000 µT, By = 1849.5001 µT, Bz = -1.4520 µT",,,,,,"12:13:37.534 -> Bx = 158.7000 µT, By = 1920.6000 µT, Bz = -4.8400 µT",,,,,,"12:13:56.951 -> Bx = 181.8000 µT, By = 1999.2000 µT, Bz = -7.2600 µT",,,,,,"12:14:28.799 -> Bx = 190.2000 µT, By = 2083.2001 µT, Bz = -7.7440 µT",,,,,,"12:15:06.020 -> Bx = 205.5000 µT, By = 2161.2001 µT, Bz = -6.7760 µT",,,,,,"12:15:29.188 -> Bx = 210.9000 µT, By = 2236.5000 µT, Bz = -3.3880 µT",,,,,,"12:16:13.828 -> Bx = 214.8000 µT, By = 2296.5000 µT, Bz = 0.4840 µT",,,,,,"12:16:43.162 -> Bx = 219.0000 µT, By = 2337.6000 µT, Bz = 9.6800 µT",,,,,,"12:17:23.699 -> Bx = 215.4000 µT, By = 2351.1000 µT, Bz = 18.8760 µT",,,,,,"12:17:51.413 -> Bx = 216.3000 µT, By = 2334.0000 µT, Bz = 28.5560 µT",,,,,,"12:18:15.385 -> Bx = 214.2000 µT, By = 2286.6000 µT, Bz = 41.1400 µT",,,,,,"12:18:43.918 -> Bx = 197.7000 µT, By = 2115.6000 µT, Bz = 60.0160 µT",,,,,,"12:19:05.006 -> Bx = 168.0000 µT, By = 1852.5001 µT, Bz = 72.1160 µT",,,,,,"12:19:33.934 -> Bx = 138.6000 µT, By = 1572.9000 µT, Bz = 77.9240 µT",,,,,,"12:20:00.423 -> Bx = 104.7000 µT, By = 1290.9000 µT, Bz = 80.8280 µT",,,,,,"12:20:53.325 -> Bx = 38.4000 µT, By = 678.0000 µT, Bz = 77.9240 µT"
"12:03:30.148 -> Bx = -18.0000 µT, By = 259.2000 µT, Bz = 54.6920 µT",,,,,,,,,,,,"12:04:29.278 -> Bx = -13.8000 µT, By = 1437.3000 µT, Bz = -15.4880 µT",,,,,,"12:04:55.720 -> Bx = -11.1000 µT, By = 1720.8000 µT, Bz = -24.2000 µT",,,,,,,,,,,,,"12:05:40.814 -> Bx = 6.9000 µT, By = 2204.7001 µT, Bz = -25.6520 µT",,,,,,,,,,,,"12:06:52.739 -> Bx = 68.7000 µT, By = 2324.4001 µT, Bz = 5.8080 µT",,,,,,"12:07:14.251 -> Bx = 90.3000 µT, By = 2217.9001 µT, Bz = 21.7800 µT",,,,,,"12:07:39.465 -> Bx = 100.5000 µT, By = 2068.8000 µT, Bz = 26.6200 µT",,,,,,"12:08:24.533 -> Bx = 109.5000 µT, By = 1906.5001 µT, Bz = 30.9760 µT",,,,,,"12:08:58.022 -> Bx = 115.2000 µT, By = 1842.9000 µT, Bz = 30.0080 µT",,,,,,"12:09:47.632 -> Bx = 120.9000 µT, By = 1790.1000 µT, Bz = 27.1040 µT",,,,,,"12:10:20.720 -> Bx = 125.4000 µT, By = 1754.1000 µT, Bz = 23.7160 µT",,,,,,"12:11:01.672 -> Bx = 128.7000 µT, By = 1736.7000 µT, Bz = 18.8760 µT",,,,,,,"12:11:50.046 -> Bx = 132.0000 µT, By = 1739.7000 µT, Bz = 13.0680 µT",,,,,,"12:12:17.316 -> Bx = 135.9000 µT, By = 1759.2000 µT, Bz = 8.7120 µT",,,,,,"12:12:51.215 -> Bx = 141.3000 µT, By = 1798.5001 µT, Bz = 5.3240 µT",,,,,,"12:13:16.845 -> Bx = 149.4000 µT, By = 1849.2000 µT, Bz = -1.9360 µT",,,,,,"12:13:37.967 -> Bx = 158.1000 µT, By = 1920.6000 µT, Bz = -5.3240 µT",,,,,,"12:13:57.393 -> Bx = 180.9000 µT, By = 1999.2000 µT, Bz = -7.2600 µT",,,,,,"12:14:29.201 -> Bx = 190.8000 µT, By = 2082.9001 µT, Bz = -8.2280 µT",,,,,,"12:15:06.417 -> Bx = 205.8000 µT, By = 2161.2001 µT, Bz = -7.2600 µT",,,,,,"12:15:29.600 -> Bx = 211.2000 µT, By = 2236.5000 µT, Bz = -2.9040 µT",,,,,,"12:16:14.250 -> Bx = 214.5000 µT, By = 2296.2001 µT, Bz = 1.9360 µT",,,,,,"12:16:43.596 -> Bx = 219.6000 µT, By = 2338.8000 µT, Bz = 9.6800 µT",,,,,,"12:17:24.118 -> Bx = 215.4000 µT, By = 2351.4001 µT, Bz = 19.3600 µT",,,,,,"12:17:51.814 -> Bx = 216.6000 µT, By = 2333.7001 µT, Bz = 29.0400 µT",,,,,,"12:18:15.800 -> Bx = 213.9000 µT, By = 2286.9001 µT, Bz = 41.1400 µT",,,,,,"12:18:44.318 -> Bx = 197.4000 µT, By = 2115.6000 µT, Bz = 59.5320 µT",,,,,,"12:19:05.403 -> Bx = 167.7000 µT, By = 1853.1000 µT, Bz = 72.1160 µT",,,,,,"12:19:34.374 -> Bx = 138.0000 µT, By = 1572.6000 µT, Bz = 77.9240 µT",,,,,,"12:20:00.843 -> Bx = 105.0000 µT, By = 1291.5000 µT, Bz = 80.8280 µT",,,,,,"12:20:53.731 -> Bx = 37.8000 µT, By = 677.7000 µT, Bz = 76.4720 µT"
"12:03:30.569 -> Bx = -17.7000 µT, By = 258.9000 µT, Bz = 54.6920 µT",,,,,,,,,,,,"12:04:29.679 -> Bx = -14.1000 µT, By = 1436.7000 µT, Bz = -15.4880 µT",,,,,,"12:04:56.147 -> Bx = -10.5000 µT, By = 1720.8000 µT, Bz = -24.6840 µT",,,,,,,,,,,,,"12:05:41.207 -> Bx = 6.6000 µT, By = 2205.3000 µT, Bz = -25.1680 µT",,,,,,,,,,,,,,,,,,"12:07:14.665 -> Bx = 90.0000 µT, By = 2217.0000 µT, Bz = 21.2960 µT",,,,,,"12:07:39.864 -> Bx = 100.5000 µT, By = 2068.5000 µT, Bz = 26.1360 µT",,,,,,"12:08:24.939 -> Bx = 109.2000 µT, By = 1905.9000 µT, Bz = 31.4600 µT",,,,,,"12:08:58.424 -> Bx = 115.5000 µT, By = 1842.9000 µT, Bz = 29.0400 µT",,,,,,"12:09:48.046 -> Bx = 120.6000 µT, By = 1790.1000 µT, Bz = 27.1040 µT",,,,,,"12:10:21.141 -> Bx = 125.7000 µT, By = 1753.8000 µT, Bz = 23.7160 µT",,,,,,"12:11:02.088 -> Bx = 128.4000 µT, By = 1737.0001 µT, Bz = 18.3920 µT",,,,,,,"12:11:50.466 -> Bx = 131.7000 µT, By = 1739.1000 µT, Bz = 13.5520 µT",,,,,,"12:12:17.730 -> Bx = 136.2000 µT, By = 1759.5001 µT, Bz = 8.2280 µT",,,,,,"12:12:51.633 -> Bx = 140.7000 µT, By = 1798.5001 µT, Bz = 4.3560 µT",,,,,,,,,,,,"12:13:38.347 -> Bx = 158.4000 µT, By = 1920.9000 µT, Bz = -4.8400 µT",,,,,,"12:13:57.797 -> Bx = 181.5000 µT, By = 1998.6000 µT, Bz = -7.2600 µT",,,,,,"12:14:29.616 -> Bx = 190.8000 µT, By = 2083.5000 µT, Bz = -8.2280 µT",,,,,,"12:15:06.842 -> Bx = 205.8000 µT, By = 2161.2001 µT, Bz = -7.2600 µT",,,,,,"12:15:30.014 -> Bx = 211.2000 µT, By = 2236.8000 µT, Bz = -3.3880 µT",,,,,,"12:16:14.651 -> Bx = 214.2000 µT, By = 2296.8000 µT, Bz = 1.4520 µT",,,,,,"12:16:44.004 -> Bx = 219.3000 µT, By = 2338.2001 µT, Bz = 9.6800 µT",,,,,,,,,,,,"12:17:52.217 -> Bx = 216.3000 µT, By = 2333.7001 µT, Bz = 29.0400 µT",,,,,,"12:18:16.201 -> Bx = 213.6000 µT, By = 2286.9001 µT, Bz = 41.6240 µT",,,,,,"12:18:44.730 -> Bx = 197.1000 µT, By = 2115.6000 µT, Bz = 60.0160 µT",,,,,,"12:19:05.849 -> Bx = 168.0000 µT, By = 1853.1000 µT, Bz = 72.6000 µT",,,,,,"12:19:34.793 -> Bx = 138.3000 µT, By = 1572.6000 µT, Bz = 77.4400 µT",,,,,,"12:20:01.241 -> Bx = 105.3000 µT, By = 1291.2000 µT, Bz = 80.8280 µT",,,,,,"12:20:54.174 -> Bx = 37.8000 µT, By = 678.3001 µT, Bz = 76.9560 µT"
"12:03:30.996 -> Bx = -17.7000 µT, By = 258.9000 µT, Bz = 54.6920 µT",,,,,,,,,,,,"12:04:30.089 -> Bx = -14.1000 µT, By = 1436.7000 µT, Bz = -15.9720 µT",,,,,,,,,,,,,,,,,,,,,,,,,,,,,,,,,,,,,"12:07:15.061 -> Bx = 90.3000 µT, By = 2217.0000 µT, Bz = 20.3280 µT",,,,,,"12:07:40.280 -> Bx = 99.9000 µT, By = 2068.5000 µT, Bz = 26.6200 µT",,,,,,"12:08:25.347 -> Bx = 109.5000 µT, By = 1906.8000 µT, Bz = 30.9760 µT",,,,,,"12:08:58.842 -> Bx = 115.5000 µT, By = 1842.9000 µT, Bz = 29.5240 µT",,,,,,"12:09:48.465 -> Bx = 120.9000 µT, By = 1790.1000 µT, Bz = 27.1040 µT",,,,,,"12:10:21.538 -> Bx = 125.7000 µT, By = 1753.8000 µT, Bz = 23.2320 µT",,,,,,"12:11:02.471 -> Bx = 129.0000 µT, By = 1737.0001 µT, Bz = 18.8760 µT",,,,,,,"12:11:50.870 -> Bx = 132.0000 µT, By = 1739.4000 µT, Bz = 13.5520 µT",,,,,,"12:12:18.151 -> Bx = 135.9000 µT, By = 1759.5001 µT, Bz = 8.7120 µT",,,,,,"12:12:52.050 -> Bx = 141.0000 µT, By = 1798.2000 µT, Bz = 5.8080 µT",,,,,,,,,,,,"12:13:38.776 -> Bx = 158.4000 µT, By = 1921.2000 µT, Bz = -4.3560 µT",,,,,,"12:13:58.200 -> Bx = 181.8000 µT, By = 1999.2000 µT, Bz = -7.2600 µT",,,,,,"12:14:30.051 -> Bx = 190.2000 µT, By = 2084.4001 µT, Bz = -8.2280 µT",,,,,,,,,,,,"12:15:30.396 -> Bx = 210.9000 µT, By = 2236.8000 µT, Bz = -4.3560 µT",,,,,,"12:16:15.080 -> Bx = 214.5000 µT, By = 2297.4001 µT, Bz = 1.9360 µT",,,,,,"12:16:44.431 -> Bx = 219.3000 µT, By = 2338.5000 µT, Bz = 10.1640 µT",,,,,,,,,,,,,,,,,,"12:18:16.611 -> Bx = 213.9000 µT, By = 2287.2001 µT, Bz = 42.1080 µT",,,,,,"12:18:45.148 -> Bx = 197.4000 µT, By = 2115.6000 µT, Bz = 59.5320 µT",,,,,,"12:19:06.237 -> Bx = 168.0000 µT, By = 1853.4000 µT, Bz = 72.1160 µT",,,,,,"12:19:35.200 -> Bx = 138.3000 µT, By = 1572.6000 µT, Bz = 78.4080 µT",,,,,,"12:20:01.658 -> Bx = 104.4000 µT, By = 1290.6000 µT, Bz = 80.8280 µT",,,,,,"12:20:54.574 -> Bx = 37.8000 µT, By = 678.0000 µT, Bz = 76.9560 µT"
"12:03:31.381 -> Bx = -18.0000 µT, By = 258.9000 µT, Bz = 54.6920 µT",,,,,,,,,,,,"12:04:30.515 -> Bx = -13.8000 µT, By = 1437.3000 µT, Bz = -15.0040 µT",,,,,,,,,,,,,,,,,,,,,,,,,,,,,,,,,,,,,,,,,,,"12:07:40.682 -> Bx = 99.9000 µT, By = 2068.8000 µT, Bz = 26.1360 µT",,,,,,"12:08:25.783 -> Bx = 109.2000 µT, By = 1906.2000 µT, Bz = 31.4600 µT",,,,,,"12:08:59.248 -> Bx = 115.2000 µT, By = 1842.9000 µT, Bz = 29.0400 µT",,,,,,"12:09:48.867 -> Bx = 120.9000 µT, By = 1790.1000 µT, Bz = 26.6200 µT",,,,,,"12:10:21.973 -> Bx = 125.4000 µT, By = 1754.1000 µT, Bz = 23.7160 µT",,,,,,,,,,,,,"12:11:51.273 -> Bx = 132.0000 µT, By = 1739.7000 µT, Bz = 13.0680 µT",,,,,,"12:12:18.579 -> Bx = 135.6000 µT, By = 1758.9000 µT, Bz = 8.2280 µT",,,,,,"12:12:52.483 -> Bx = 141.0000 µT, By = 1797.9000 µT, Bz = 5.3240 µT",,,,,,,,,,,,,,,,,,,,,,,,"12:14:30.462 -> Bx = 189.9000 µT, By = 2083.5000 µT, Bz = -8.7120 µT",,,,,,,,,,,,,,,,,,,,,,,,"12:16:44.833 -> Bx = 219.3000 µT, By = 2338.8000 µT, Bz = 9.6800 µT",,,,,,,,,,,,,,,,,,,,,,,,"12:18:45.568 -> Bx = 197.4000 µT, By = 2115.6000 µT, Bz = 60.0160 µT",,,,,,"12:19:06.672 -> Bx = 168.0000 µT, By = 1853.1000 µT, Bz = 72.6000 µT",,,,,,"12:19:35.589 -> Bx = 138.3000 µT, By = 1573.2000 µT, Bz = 78.4080 µT",,,,,,"12:20:02.076 -> Bx = 105.0000 µT, By = 1290.9000 µT, Bz = 81.7960 µT",,,,,,"12:20:54.977 -> Bx = 37.5000 µT, By = 678.0000 µT, Bz = 76.4720 µT"
"12:03:31.810 -> Bx = -18.0000 µT, By = 258.9000 µT, Bz = 54.2080 µT",,,,,,,,,,,,"12:04:30.931 -> Bx = -14.4000 µT, By = 1436.7000 µT, Bz = -15.4880 µT",,,,,,,,,,,,,,,,,,,,,,,,,,,,,,,,,,,,,,,,,,,,,,,,,,,,,,,"12:08:59.660 -> Bx = 115.2000 µT, By = 1842.6000 µT, Bz = 30.0080 µT",,,,,,"12:09:49.277 -> Bx = 120.9000 µT, By = 1789.8000 µT, Bz = 26.6200 µT",,,,,,"12:10:22.385 -> Bx = 125.4000 µT, By = 1754.4000 µT, Bz = 22.7480 µT",,,,,,,,,,,,,,,,,,,"12:12:18.968 -> Bx = 135.9000 µT, By = 1758.9000 µT, Bz = 9.1960 µT",,,,,,"12:12:52.884 -> Bx = 141.0000 µT, By = 1798.2000 µT, Bz = 4.8400 µT",,,,,,,,,,,,,,,,,,,,,,,,"12:14:30.880 -> Bx = 190.2000 µT, By = 2082.9001 µT, Bz = -8.7120 µT",,,,,,,,,,,,,,,,,,,,,,,,"12:16:45.231 -> Bx = 219.3000 µT, By = 2338.2001 µT, Bz = 9.1960 µT",,,,,,,,,,,,,,,,,,,,,,,,"12:18:46.001 -> Bx = 196.8000 µT, By = 2115.6000 µT, Bz = 60.0160 µT",,,,,,"12:19:07.070 -> Bx = 167.7000 µT, By = 1852.8000 µT, Bz = 72.6000 µT",,,,,,"12:19:36.003 -> Bx = 138.0000 µT, By = 1572.9000 µT, Bz = 78.4080 µT",,,,,,"12:20:02.498 -> Bx = 105.0000 µT, By = 1290.9000 µT, Bz = 80.8280 µT",,,,,,"12:20:55.395 -> Bx = 37.5000 µT, By = 678.0000 µT, Bz = 76.9560 µT"
"12:03:32.210 -> Bx = -17.7000 µT, By = 258.3000 µT, Bz = 55.1760 µT",,,,,,,,,,,,"12:04:31.355 -> Bx = -13.8000 µT, By = 1437.3000 µT, Bz = -15.0040 µT",,,,,,,,,,,,,,,,,,,,,,,,,,,,,,,,,,,,,,,,,,,,,,,,,,,,,,,"12:09:00.099 -> Bx = 115.2000 µT, By = 1842.9000 µT, Bz = 29.5240 µT",,,,,,"12:09:49.713 -> Bx = 121.2000 µT, By = 1790.1000 µT, Bz = 27.5880 µT",,,,,,"12:10:22.786 -> Bx = 125.1000 µT, By = 1753.8000 µT, Bz = 23.2320 µT",,,,,,,,,,,,,,,,,,,,,,,,,"12:12:53.283 -> Bx = 141.0000 µT, By = 1798.2000 µT, Bz = 5.3240 µT",,,,,,,,,,,,,,,,,,,,,,,,"12:14:31.269 -> Bx = 190.5000 µT, By = 2083.2001 µT, Bz = -8.2280 µT",,,,,,,,,,,,,,,,,,,,,,,,12:16:45.655 -> ,,,,,,,,,,,,,,,,,,,,,,,,"12:18:46.403 -> Bx = 197.1000 µT, By = 2115.3000 µT, Bz = 59.5320 µT",,,,,,,,,,,,"12:19:36.419 -> Bx = 138.0000 µT, By = 1572.9000 µT, Bz = 77.9240 µT",,,,,,"12:20:02.890 -> Bx = 104.7000 µT, By = 1290.9000 µT, Bz = 80.8280 µT",,,,,,"12:20:55.825 -> Bx = 37.5000 µT, By = 677.7000 µT, Bz = 76.9560 µT"
"12:03:32.642 -> Bx = -18.0000 µT, By = 258.9000 µT, Bz = 54.2080 µT",,,,,,,,,,,,,,,,,,,,,,,,,,,,,,,,,,,,,,,,,,,,,,,,,,,,,,,,,,,,,,,,,,,"12:09:00.500 -> Bx = 115.2000 µT, By = 1842.9000 µT, Bz = 30.0080 µT",,,,,,"12:09:50.116 -> Bx = 120.6000 µT, By = 1789.8000 µT, Bz = 27.1040 µT",,,,,,"12:10:23.206 -> Bx = 125.4000 µT, By = 1754.4000 µT, Bz = 23.2320 µT",,,,,,,,,,,,,,,,,,,,,,,,,,,,,,,,,,,,,,,,,,,,,,,,,12:14:31.701 -> ,,,,,,,,,,,,,,,,,,,,,,,,,,,,,,,,,,,,,,,,,,,,,,,,,,,,,,,,,,,,"12:19:36.851 -> Bx = 138.6000 µT, By = 1572.9000 µT, Bz = 77.9240 µT",,,,,,"12:20:03.309 -> Bx = 104.7000 µT, By = 1290.6000 µT, Bz = 81.3120 µT",,,,,,"12:20:56.241 -> Bx = 37.5000 µT, By = 678.0000 µT, Bz = 76.4720 µT"
,,,,,,,,,,,,,,,,,,,,,,,,,,,,,,,,,,,,,,,,,,,,,,,,,,,,,,,,,,,,,,,,,,,"12:09:00.916 -> Bx = 115.2000 µT, By = 1842.6000 µT, Bz = 30.0080 µT",,,,,,"12:09:50.549 -> Bx = 120.6000 µT, By = 1789.5001 µT, Bz = 26.6200 µT",,,,,,"12:10:23.607 -> Bx = 124.8000 µT, By = 1753.8000 µT, Bz = 24.2000 µT",,,,,,,,,,,,,,,,,,,,,,,,,,,,,,,,,,,,,,,,,,,,,,,,,,,,,,,,,,,,,,,,,,,,,,,,,,,,,,,,,,,,,,,,,,,,,,,,,,,,,,,,,,,,,"12:19:37.268 -> Bx = 138.0000 µT, By = 1572.9000 µT, Bz = 78.8920 µT",,,,,,"12:20:03.721 -> Bx = 104.7000 µT, By = 1290.9000 µT, Bz = 80.8280 µT",,,,,,"12:20:56.641 -> Bx = 37.5000 µT, By = 678.0000 µT, Bz = 76.4720 µT"
,,,,,,,,,,,,,,,,,,,,,,,,,,,,,,,,,,,,,,,,,,,,,,,,,,,,,,,,,,,,,,,,,,,"12:09:01.330 -> Bx = 115.2000 µT, By = 1842.6000 µT, Bz = 30.0080 µT",,,,,,"12:09:50.932 -> Bx = 120.6000 µT, By = 1789.8000 µT, Bz = 27.1040 µT",,,,,,"12:10:24.025 -> Bx = 125.1000 µT, By = 1754.4000 µT, Bz = 23.2320 µT",,,,,,,,,,,,,,,,,,,,,,,,,,,,,,,,,,,,,,,,,,,,,,,,,,,,,,,,,,,,,,,,,,,,,,,,,,,,,,,,,,,,,,,,,,,,,,,,,,,,,,,,,,,,,"12:19:37.668 -> Bx = 138.3000 µT, By = 1572.9000 µT, Bz = 78.8920 µT",,,,,,"12:20:04.128 -> Bx = 105.0000 µT, By = 1291.8000 µT, Bz = 81.7960 µT",,,,,,"12:20:57.059 -> Bx = 37.8000 µT, By = 678.0000 µT, Bz = 76.9560 µT"
,,,,,,,,,,,,,,,,,,,,,,,,,,,,,,,,,,,,,,,,,,,,,,,,,,,,,,,,,,,,,,,,,,,"12:09:01.749 -> Bx = 115.2000 µT, By = 1842.3000 µT, Bz = 30.4920 µT",,,,,,,,,,,,"12:10:24.439 -> Bx = 125.7000 µT, By = 1754.1000 µT, Bz = 23.7160 µT",,,,,,,,,,,,,,,,,,,,,,,,,,,,,,,,,,,,,,,,,,,,,,,,,,,,,,,,,,,,,,,,,,,,,,,,,,,,,,,,,,,,,,,,,,,,,,,,,,,,,,,,,,,,,"12:19:38.071 -> Bx = 138.3000 µT, By = 1573.2000 µT, Bz = 78.8920 µT",,,,,,"12:20:04.553 -> Bx = 108.0000 µT, By = 1290.3000 µT, Bz = 80.8280 µT",,,,,,"12:20:57.475 -> Bx = 37.5000 µT, By = 678.3001 µT, Bz = 75.9880 µT"
,,,,,,,,,,,,,,,,,,,,,,,,,,,,,,,,,,,,,,,,,,,,,,,,,,,,,,,,,,,,,,,,,,,,,,,,,,,,,,,"12:10:24.841 -> Bx = 124.8000 µT, By = 1754.7000 µT, Bz = 23.2320 µT",,,,,,,,,,,,,,,,,,,,,,,,,,,,,,,,,,,,,,,,,,,,,,,,,,,,,,,,,,,,,,,,,,,,,,,,,,,,,,,,,,,,,,,,,,,,,,,,,,,,,,,,,,,,,"12:19:38.486 -> Bx = 138.0000 µT, By = 1573.2000 µT, Bz = 78.8920 µT",,,,,,"12:20:04.948 -> Bx = 107.4000 µT, By = 1290.6000 µT, Bz = 80.3440 µT",,,,,,"12:20:57.889 -> Bx = 37.8000 µT, By = 678.0000 µT, Bz = 75.9880 µT"
,,,,,,,,,,,,,,,,,,,,,,,,,,,,,,,,,,,,,,,,,,,,,,,,,,,,,,,,,,,,,,,,,,,,,,,,,,,,,,,"12:10:25.258 -> Bx = 124.5000 µT, By = 1754.4000 µT, Bz = 23.2320 µT",,,,,,,,,,,,,,,,,,,,,,,,,,,,,,,,,,,,,,,,,,,,,,,,,,,,,,,,,,,,,,,,,,,,,,,,,,,,,,,,,,,,,,,,,,,,,,,,,,,,,,,,,,,,,"12:19:38.913 -> Bx = 138.0000 µT, By = 1573.2000 µT, Bz = 77.9240 µT",,,,,,"12:20:05.366 -> Bx = 107.4000 µT, By = 1290.6000 µT, Bz = 79.8600 µT",,,,,,"12:20:58.306 -> Bx = 37.2000 µT, By = 678.3001 µT, Bz = 76.4720 µT"
,,,,,,,,,,,,,,,,,,,,,,,,,,,,,,,,,,,,,,,,,,,,,,,,,,,,,,,,,,,,,,,,,,,,,,,,,,,,,,,"12:10:25.691 -> Bx = 125.1000 µT, By = 1754.4000 µT, Bz = 23.2320 µT",,,,,,,,,,,,,,,,,,,,,,,,,,,,,,,,,,,,,,,,,,,,,,,,,,,,,,,,,,,,,,,,,,,,,,,,,,,,,,,,,,,,,,,,,,,,,,,,,,,,,,,,,,,,,"12:19:39.325 -> Bx = 138.0000 µT, By = 1573.5001 µT, Bz = 78.8920 µT",,,,,,"12:20:05.801 -> Bx = 106.8000 µT, By = 1290.6000 µT, Bz = 79.8600 µT",,,,,,"12:20:58.724 -> Bx = 37.5000 µT, By = 678.3001 µT, Bz = 75.9880 µT"
,,,,,,,,,,,,,,,,,,,,,,,,,,,,,,,,,,,,,,,,,,,,,,,,,,,,,,,,,,,,,,,,,,,,,,,,,,,,,,,"12:10:26.110 -> Bx = 125.1000 µT, By = 1754.1000 µT, Bz = 23.7160 µT",,,,,,,,,,,,,,,,,,,,,,,,,,,,,,,,,,,,,,,,,,,,,,,,,,,,,,,,,,,,,,,,,,,,,,,,,,,,,,,,,,,,,,,,,,,,,,,,,,,,,,,,,,,,,"12:19:39.733 -> Bx = 137.7000 µT, By = 1572.6000 µT, Bz = 78.8920 µT",,,,,,"12:20:06.201 -> Bx = 106.8000 µT, By = 1290.3000 µT, Bz = 80.8280 µT",,,,,,"12:20:59.126 -> Bx = 37.8000 µT, By = 677.7000 µT, Bz = 75.9880 µT"
,,,,,,,,,,,,,,,,,,,,,,,,,,,,,,,,,,,,,,,,,,,,,,,,,,,,,,,,,,,,,,,,,,,,,,,,,,,,,,,"12:10:26.523 -> Bx = 125.1000 µT, By = 1754.4000 µT, Bz = 23.2320 µT",,,,,,,,,,,,,,,,,,,,,,,,,,,,,,,,,,,,,,,,,,,,,,,,,,,,,,,,,,,,,,,,,,,,,,,,,,,,,,,,,,,,,,,,,,,,,,,,,,,,,,,,,,,,,"12:19:40.152 -> Bx = 138.3000 µT, By = 1573.2000 µT, Bz = 78.4080 µT",,,,,,"12:20:06.616 -> Bx = 107.1000 µT, By = 1291.2000 µT, Bz = 80.3440 µT",,,,,,"12:20:59.542 -> Bx = 36.9000 µT, By = 678.3001 µT, Bz = 75.5040 µT"
,,,,,,,,,,,,,,,,,,,,,,,,,,,,,,,,,,,,,,,,,,,,,,,,,,,,,,,,,,,,,,,,,,,,,,,,,,,,,,,"12:10:26.937 -> Bx = 125.4000 µT, By = 1754.1000 µT, Bz = 23.7160 µT",,,,,,,,,,,,,,,,,,,,,,,,,,,,,,,,,,,,,,,,,,,,,,,,,,,,,,,,,,,,,,,,,,,,,,,,,,,,,,,,,,,,,,,,,,,,,,,,,,,,,,,,,,,,,,,,,,,"12:20:07.016 -> Bx = 107.1000 µT, By = 1290.9000 µT, Bz = 81.3120 µT",,,,,,"12:20:59.958 -> Bx = 37.5000 µT, By = 678.0000 µT, Bz = 75.0200 µT"
,,,,,,,,,,,,,,,,,,,,,,,,,,,,,,,,,,,,,,,,,,,,,,,,,,,,,,,,,,,,,,,,,,,,,,,,,,,,,,,,,,,,,,,,,,,,,,,,,,,,,,,,,,,,,,,,,,,,,,,,,,,,,,,,,,,,,,,,,,,,,,,,,,,,,,,,,,,,,,,,,,,,,,,,,,,,,,,,,,,,,,,,,,,,,,,,,,"12:20:07.429 -> Bx = 106.8000 µT, By = 1290.3000 µT, Bz = 80.3440 µT",,,,,,"12:21:00.372 -> Bx = 37.5000 µT, By = 678.0000 µT, Bz = 75.0200 µT"
,,,,,,,,,,,,,,,,,,,,,,,,,,,,,,,,,,,,,,,,,,,,,,,,,,,,,,,,,,,,,,,,,,,,,,,,,,,,,,,,,,,,,,,,,,,,,,,,,,,,,,,,,,,,,,,,,,,,,,,,,,,,,,,,,,,,,,,,,,,,,,,,,,,,,,,,,,,,,,,,,,,,,,,,,,,,,,,,,,,,,,,,,,,,,,,,,,,,,,,,"12:21:00.775 -> Bx = 37.8000 µT, By = 678.3001 µT, Bz = 75.5040 µT"
,,,,,,,,,,,,,,,,,,,,,,,,,,,,,,,,,,,,,,,,,,,,,,,,,,,,,,,,,,,,,,,,,,,,,,,,,,,,,,,,,,,,,,,,,,,,,,,,,,,,,,,,,,,,,,,,,,,,,,,,,,,,,,,,,,,,,,,,,,,,,,,,,,,,,,,,,,,,,,,,,,,,,,,,,,,,,,,,,,,,,,,,,,,,,,,,,,,,,,,,"12:21:01.193 -> Bx = 37.2000 µT, By = 678.3001 µT, Bz = 75.9880 µT"
