A=1.5 A,x=15cm,,,,,,,x=8cm,,,,,,,x=10cm,,,,,,,x=12cm,,,,,,,x=14cm,,,,,,,x=16cm,,,,,,,x=16.5cm,,,,,,,x=16.75cm,,,,,,x=17cm,,,,,,x=17.25cm,,,,,,,x=17.5cm,,,,,,,x=18cm,,,,,,,x=18.5cm,,,,,,x=19cm,,,,,,,x=20cm,,,,,,,x=21cm,,,,,,,x=22cm,,,,,,,x=23cm,,,,,,,x=24cm,,,,,,,x=25cm,,,,,,,x=26cm,,,,,,,x=26.5cm,,,,,,,x=27cm,,,,,,,x=28cm
,"11:11:08.763 -> Bx = -16.2000 µT, By = 756.3001 µT, Bz = 25.1680 µT",,,,,,,"11:17:21.675 -> Bx = -25.5000 µT, By = 193.5000 µT, Bz = 60.9840 µT",,,,,,,"11:17:54.753 -> Bx = -25.2000 µT, By = 277.2000 µT, Bz = 55.6600 µT",,,,,,,"11:18:37.348 -> Bx = -24.9000 µT, By = 400.5000 µT, Bz = 48.4000 µT",,,,,,,"11:19:22.804 -> Bx = -29.4000 µT, By = 600.0000 µT, Bz = 36.7840 µT",,,,,,,"11:20:23.170 -> Bx = -38.7000 µT, By = 920.4000 µT, Bz = 15.4880 µT",,,,,,,"11:21:01.613 -> Bx = -38.4000 µT, By = 1050.6000 µT, Bz = 6.7760 µT",,,,,,,"11:22:20.990 -> Bx = -39.0000 µT, By = 1105.8000 µT, Bz = 1.9360 µT",,,,,,"11:23:23.396 -> Bx = -39.3000 µT, By = 1137.6000 µT, Bz = 0.0000 µT",,,,,,"11:24:01.876 -> Bx = -44.1000 µT, By = 1209.3000 µT, Bz = -4.3560 µT",,,,,,,"11:24:43.206 -> Bx = -44.7000 µT, By = 1274.4000 µT, Bz = -7.2600 µT",,,,,,,"11:25:23.705 -> Bx = -46.8000 µT, By = 1415.1000 µT, Bz = -17.9080 µT",,,,,,,"11:27:14.119 -> Bx = -43.5000 µT, By = 1590.0001 µT, Bz = -30.0080 µT",,,,,,"11:26:03.403 -> Bx = -49.5000 µT, By = 1772.1000 µT, Bz = -40.6560 µT",,,,,,,"11:27:54.638 -> Bx = -40.5000 µT, By = 2211.3000 µT, Bz = -67.7600 µT",,,,,,,"11:28:34.748 -> Bx = -18.0000 µT, By = 2705.7001 µT, Bz = -94.3800 µT",,,,,,,"11:29:09.035 -> Bx = 23.1000 µT, By = 3211.8000 µT, Bz = -116.6440 µT",,,,,,,"11:29:50.401 -> Bx = 84.0000 µT, By = 3668.7001 µT, Bz = -123.4200 µT",,,,,,,"11:30:44.974 -> Bx = 164.1000 µT, By = 3971.4001 µT, Bz = -110.3520 µT",,,,,,,"11:31:15.574 -> Bx = 242.1000 µT, By = 4049.1000 µT, Bz = -82.2800 µT",,,,,,,"11:31:50.305 -> Bx = 304.2000 µT, By = 3900.0002 µT, Bz = -39.6880 µT",,,,,,,"11:32:31.671 -> Bx = 322.8000 µT, By = 3729.6000 µT, Bz = -19.3600 µT",,,,,,,"11:33:23.355 -> Bx = 327.9000 µT, By = 3525.0002 µT, Bz = 0.9680 µT",,,,,,,"11:34:00.991 -> Bx = 318.9000 µT, By = 3027.9001 µT, Bz = 32.9120 µT"
,"11:11:09.160 -> Bx = -16.2000 µT, By = 756.6000 µT, Bz = 25.1680 µT",,,,,,,"11:17:22.105 -> Bx = -25.8000 µT, By = 193.5000 µT, Bz = 61.4680 µT",,,,,,,"11:17:55.166 -> Bx = -25.2000 µT, By = 277.5000 µT, Bz = 56.1440 µT",,,,,,,"11:18:37.769 -> Bx = -25.8000 µT, By = 400.8000 µT, Bz = 48.8840 µT",,,,,,,"11:19:23.214 -> Bx = -30.0000 µT, By = 599.7000 µT, Bz = 37.2680 µT",,,,,,,"11:20:23.580 -> Bx = -38.7000 µT, By = 920.7000 µT, Bz = 15.9720 µT",,,,,,,"11:21:02.039 -> Bx = -37.5000 µT, By = 1051.5000 µT, Bz = 6.2920 µT",,,,,,,"11:22:21.388 -> Bx = -38.7000 µT, By = 1106.1000 µT, Bz = 2.4200 µT",,,,,,"11:23:23.848 -> Bx = -41.7000 µT, By = 1138.5000 µT, Bz = 0.4840 µT",,,,,,"11:24:02.288 -> Bx = -42.9000 µT, By = 1209.9000 µT, Bz = -3.8720 µT",,,,,,,"11:24:43.597 -> Bx = -43.5000 µT, By = 1274.1000 µT, Bz = -7.7440 µT",,,,,,,"11:25:24.113 -> Bx = -46.8000 µT, By = 1415.1000 µT, Bz = -17.9080 µT",,,,,,,"11:27:14.513 -> Bx = -45.3000 µT, By = 1590.0001 µT, Bz = -30.0080 µT",,,,,,"11:26:03.831 -> Bx = -49.5000 µT, By = 1772.1000 µT, Bz = -40.6560 µT",,,,,,,"11:27:55.025 -> Bx = -38.7000 µT, By = 2211.0000 µT, Bz = -68.7280 µT",,,,,,,"11:28:35.146 -> Bx = -17.4000 µT, By = 2705.7001 µT, Bz = -94.3800 µT",,,,,,,"11:29:09.457 -> Bx = 21.6000 µT, By = 3212.4001 µT, Bz = -116.6440 µT",,,,,,,"11:29:50.822 -> Bx = 85.8000 µT, By = 3668.7001 µT, Bz = -123.4200 µT",,,,,,,"11:30:45.400 -> Bx = 164.4000 µT, By = 3971.1000 µT, Bz = -109.8680 µT",,,,,,,"11:31:16.016 -> Bx = 242.4000 µT, By = 4048.8000 µT, Bz = -82.2800 µT",,,,,,,"11:31:50.742 -> Bx = 304.5000 µT, By = 3897.9001 µT, Bz = -39.6880 µT",,,,,,,"11:32:32.094 -> Bx = 327.9000 µT, By = 3739.2001 µT, Bz = -19.8440 µT",,,,,,,"11:33:23.781 -> Bx = 330.3000 µT, By = 3525.0002 µT, Bz = 1.4520 µT",,,,,,,"11:34:01.382 -> Bx = 318.9000 µT, By = 3029.1000 µT, Bz = 32.4280 µT"
,"11:11:09.580 -> Bx = -16.2000 µT, By = 756.3001 µT, Bz = 25.1680 µT",,,,,,,"11:17:22.516 -> Bx = -25.8000 µT, By = 193.5000 µT, Bz = 60.9840 µT",,,,,,,"11:17:55.573 -> Bx = -25.8000 µT, By = 277.5000 µT, Bz = 55.6600 µT",,,,,,,"11:18:38.169 -> Bx = -25.2000 µT, By = 400.2000 µT, Bz = 48.8840 µT",,,,,,,"11:19:23.634 -> Bx = -28.8000 µT, By = 599.7000 µT, Bz = 36.3000 µT",,,,,,,"11:20:23.986 -> Bx = -38.1000 µT, By = 920.7000 µT, Bz = 15.9720 µT",,,,,,,"11:21:02.439 -> Bx = -39.9000 µT, By = 1051.5000 µT, Bz = 7.2600 µT",,,,,,,"11:22:21.800 -> Bx = -38.7000 µT, By = 1105.8000 µT, Bz = 1.9360 µT",,,,,,"11:23:24.257 -> Bx = -41.1000 µT, By = 1138.5000 µT, Bz = 0.9680 µT",,,,,,"11:24:02.699 -> Bx = -44.4000 µT, By = 1209.3000 µT, Bz = -4.3560 µT",,,,,,,"11:24:44.029 -> Bx = -43.8000 µT, By = 1274.1000 µT, Bz = -7.7440 µT",,,,,,,"11:25:24.535 -> Bx = -46.2000 µT, By = 1414.8000 µT, Bz = -18.3920 µT",,,,,,,"11:27:14.930 -> Bx = -46.2000 µT, By = 1589.7000 µT, Bz = -30.0080 µT",,,,,,"11:26:04.247 -> Bx = -49.5000 µT, By = 1771.8000 µT, Bz = -41.1400 µT",,,,,,,"11:27:55.452 -> Bx = -39.9000 µT, By = 2211.6000 µT, Bz = -67.7600 µT",,,,,,,"11:28:35.556 -> Bx = -18.9000 µT, By = 2704.5000 µT, Bz = -94.8640 µT",,,,,,,"11:29:09.893 -> Bx = 20.7000 µT, By = 3212.7001 µT, Bz = -115.6760 µT",,,,,,,"11:29:51.221 -> Bx = 83.7000 µT, By = 3669.0002 µT, Bz = -123.9040 µT",,,,,,,"11:30:45.824 -> Bx = 164.4000 µT, By = 3969.9001 µT, Bz = -110.3520 µT",,,,,,,"11:31:16.409 -> Bx = 242.4000 µT, By = 4047.9001 µT, Bz = -82.2800 µT",,,,,,,"11:31:51.145 -> Bx = 305.7000 µT, By = 3897.6000 µT, Bz = -40.6560 µT",,,,,,,"11:32:32.511 -> Bx = 327.0000 µT, By = 3740.7001 µT, Bz = -19.8440 µT",,,,,,,"11:33:24.192 -> Bx = 328.5000 µT, By = 3524.7001 µT, Bz = 1.4520 µT",,,,,,,"11:34:01.799 -> Bx = 318.3000 µT, By = 3028.2001 µT, Bz = 32.4280 µT"
,"11:11:09.994 -> Bx = -15.9000 µT, By = 756.3001 µT, Bz = 25.6520 µT",,,,,,,"11:17:22.929 -> Bx = -25.8000 µT, By = 193.5000 µT, Bz = 60.5000 µT",,,,,,,"11:17:55.983 -> Bx = -26.1000 µT, By = 276.9000 µT, Bz = 56.6280 µT",,,,,,,"11:18:38.582 -> Bx = -25.8000 µT, By = 400.5000 µT, Bz = 48.8840 µT",,,,,,,"11:19:24.045 -> Bx = -29.1000 µT, By = 599.7000 µT, Bz = 36.7840 µT",,,,,,,"11:20:24.396 -> Bx = -38.7000 µT, By = 920.4000 µT, Bz = 15.4880 µT",,,,,,,"11:21:02.863 -> Bx = -40.5000 µT, By = 1051.5000 µT, Bz = 7.2600 µT",,,,,,,"11:22:22.238 -> Bx = -38.1000 µT, By = 1105.8000 µT, Bz = 2.9040 µT",,,,,,"11:23:24.638 -> Bx = -41.4000 µT, By = 1137.6000 µT, Bz = 0.9680 µT",,,,,,"11:24:03.098 -> Bx = -44.4000 µT, By = 1209.3000 µT, Bz = -4.3560 µT",,,,,,,"11:24:44.424 -> Bx = -45.0000 µT, By = 1273.8000 µT, Bz = -7.2600 µT",,,,,,,"11:25:24.940 -> Bx = -47.4000 µT, By = 1414.5000 µT, Bz = -17.9080 µT",,,,,,,"11:27:15.347 -> Bx = -45.6000 µT, By = 1589.7000 µT, Bz = -30.0080 µT",,,,,,"11:26:04.664 -> Bx = -49.5000 µT, By = 1771.2000 µT, Bz = -40.6560 µT",,,,,,,"11:27:55.880 -> Bx = -40.5000 µT, By = 2211.0000 µT, Bz = -68.7280 µT",,,,,,,"11:28:35.982 -> Bx = -18.3000 µT, By = 2704.5000 µT, Bz = -94.8640 µT",,,,,,,"11:29:10.291 -> Bx = 20.7000 µT, By = 3212.1000 µT, Bz = -115.6760 µT",,,,,,,"11:29:51.646 -> Bx = 83.1000 µT, By = 3667.5002 µT, Bz = -123.9040 µT",,,,,,,"11:30:46.238 -> Bx = 164.4000 µT, By = 3970.8000 µT, Bz = -110.3520 µT",,,,,,,"11:31:16.813 -> Bx = 242.7000 µT, By = 4048.2001 µT, Bz = -82.2800 µT",,,,,,,"11:31:51.546 -> Bx = 304.5000 µT, By = 3898.2001 µT, Bz = -39.6880 µT",,,,,,,"11:32:32.894 -> Bx = 326.1000 µT, By = 3740.4001 µT, Bz = -20.3280 µT",,,,,,,"11:33:24.585 -> Bx = 327.9000 µT, By = 3525.3000 µT, Bz = 1.4520 µT",,,,,,,"11:34:02.224 -> Bx = 318.6000 µT, By = 3028.2001 µT, Bz = 31.9440 µT"
,"11:11:10.411 -> Bx = -15.6000 µT, By = 756.6000 µT, Bz = 26.1360 µT",,,,,,,"11:17:23.346 -> Bx = -25.8000 µT, By = 193.8000 µT, Bz = 60.9840 µT",,,,,,,"11:17:56.419 -> Bx = -25.8000 µT, By = 277.5000 µT, Bz = 56.6280 µT",,,,,,,"11:18:38.979 -> Bx = -25.2000 µT, By = 400.5000 µT, Bz = 48.4000 µT",,,,,,,"11:19:24.451 -> Bx = -29.7000 µT, By = 600.0000 µT, Bz = 36.7840 µT",,,,,,,"11:20:24.826 -> Bx = -38.1000 µT, By = 920.7000 µT, Bz = 15.9720 µT",,,,,,,"11:21:03.280 -> Bx = -39.6000 µT, By = 1051.2000 µT, Bz = 7.7440 µT",,,,,,,"11:22:22.657 -> Bx = -38.7000 µT, By = 1106.1000 µT, Bz = 1.9360 µT",,,,,,"11:23:25.052 -> Bx = -41.1000 µT, By = 1137.9000 µT, Bz = 0.9680 µT",,,,,,"11:24:03.516 -> Bx = -42.9000 µT, By = 1209.6000 µT, Bz = -3.3880 µT",,,,,,,"11:24:44.838 -> Bx = -44.1000 µT, By = 1274.4000 µT, Bz = -6.7760 µT",,,,,,,"11:25:25.366 -> Bx = -46.2000 µT, By = 1414.8000 µT, Bz = -17.9080 µT",,,,,,,"11:27:15.765 -> Bx = -45.0000 µT, By = 1590.0001 µT, Bz = -29.5240 µT",,,,,,"11:26:05.049 -> Bx = -51.6000 µT, By = 1771.2000 µT, Bz = -41.1400 µT",,,,,,,"11:27:56.297 -> Bx = -39.9000 µT, By = 2210.1000 µT, Bz = -67.7600 µT",,,,,,,"11:28:36.384 -> Bx = -18.0000 µT, By = 2704.8000 µT, Bz = -94.8640 µT",,,,,,,"11:29:10.689 -> Bx = 21.0000 µT, By = 3211.5002 µT, Bz = -115.1920 µT",,,,,,,"11:29:52.065 -> Bx = 83.1000 µT, By = 3667.8000 µT, Bz = -124.8720 µT",,,,,,,"11:30:46.629 -> Bx = 165.3000 µT, By = 3970.5002 µT, Bz = -110.8360 µT",,,,,,,"11:31:17.248 -> Bx = 242.4000 µT, By = 4048.2001 µT, Bz = -81.7960 µT",,,,,,,"11:31:51.960 -> Bx = 304.5000 µT, By = 3898.2001 µT, Bz = -40.1720 µT",,,,,,,"11:32:33.308 -> Bx = 326.4000 µT, By = 3741.0002 µT, Bz = -20.8120 µT",,,,,,,"11:33:24.991 -> Bx = 328.5000 µT, By = 3524.7001 µT, Bz = 0.4840 µT",,,,,,,"11:34:02.618 -> Bx = 319.5000 µT, By = 3028.5000 µT, Bz = 31.9440 µT"
,"11:11:10.828 -> Bx = -16.2000 µT, By = 756.3001 µT, Bz = 25.6520 µT",,,,,,,"11:17:23.739 -> Bx = -25.8000 µT, By = 193.8000 µT, Bz = 60.9840 µT",,,,,,,"11:17:56.812 -> Bx = -25.2000 µT, By = 276.9000 µT, Bz = 56.1440 µT",,,,,,,"11:18:39.395 -> Bx = -25.2000 µT, By = 400.2000 µT, Bz = 48.8840 µT",,,,,,,"11:19:24.893 -> Bx = -29.7000 µT, By = 599.7000 µT, Bz = 36.7840 µT",,,,,,,"11:20:25.230 -> Bx = -38.7000 µT, By = 920.7000 µT, Bz = 15.4880 µT",,,,,,,"11:21:03.698 -> Bx = -40.5000 µT, By = 1050.6000 µT, Bz = 7.7440 µT",,,,,,,"11:22:23.067 -> Bx = -38.4000 µT, By = 1105.5000 µT, Bz = 1.9360 µT",,,,,,"11:23:25.477 -> Bx = -40.8000 µT, By = 1137.6000 µT, Bz = 0.9680 µT",,,,,,"11:24:03.908 -> Bx = -43.8000 µT, By = 1209.0000 µT, Bz = -4.3560 µT",,,,,,,"11:24:45.251 -> Bx = -44.1000 µT, By = 1274.1000 µT, Bz = -7.7440 µT",,,,,,,"11:25:25.778 -> Bx = -44.7000 µT, By = 1415.4000 µT, Bz = -17.9080 µT",,,,,,,"11:27:16.184 -> Bx = -44.7000 µT, By = 1590.0001 µT, Bz = -29.5240 µT",,,,,,"11:26:05.467 -> Bx = -49.8000 µT, By = 1771.8000 µT, Bz = -40.1720 µT",,,,,,,"11:27:56.698 -> Bx = -40.5000 µT, By = 2210.7001 µT, Bz = -68.7280 µT",,,,,,,"11:28:36.787 -> Bx = -18.3000 µT, By = 2704.2001 µT, Bz = -93.8960 µT",,,,,,,"11:29:11.114 -> Bx = 20.7000 µT, By = 3212.1000 µT, Bz = -115.6760 µT",,,,,,,"11:29:52.463 -> Bx = 84.9000 µT, By = 3668.4001 µT, Bz = -124.3880 µT",,,,,,,"11:30:47.037 -> Bx = 163.5000 µT, By = 3969.9001 µT, Bz = -110.3520 µT",,,,,,,"11:31:17.650 -> Bx = 242.1000 µT, By = 4048.2001 µT, Bz = -82.2800 µT",,,,,,,"11:31:52.373 -> Bx = 304.8000 µT, By = 3898.8000 µT, Bz = -40.6560 µT",,,,,,,"11:32:33.719 -> Bx = 323.1000 µT, By = 3741.3000 µT, Bz = -19.8440 µT",,,,,,,"11:33:25.410 -> Bx = 328.5000 µT, By = 3524.7001 µT, Bz = 0.4840 µT",,,,,,,"11:34:03.032 -> Bx = 318.3000 µT, By = 3028.2001 µT, Bz = 31.4600 µT"
,"11:11:11.247 -> Bx = -16.5000 µT, By = 756.3001 µT, Bz = 26.1360 µT",,,,,,,"11:17:24.179 -> Bx = -26.1000 µT, By = 193.8000 µT, Bz = 60.5000 µT",,,,,,,"11:17:57.235 -> Bx = -25.8000 µT, By = 277.5000 µT, Bz = 56.6280 µT",,,,,,,"11:18:39.828 -> Bx = -25.2000 µT, By = 400.5000 µT, Bz = 47.9160 µT",,,,,,,"11:19:25.310 -> Bx = -29.1000 µT, By = 599.4000 µT, Bz = 36.7840 µT",,,,,,,"11:20:25.661 -> Bx = -38.7000 µT, By = 920.1000 µT, Bz = 15.4880 µT",,,,,,,"11:21:04.097 -> Bx = -39.9000 µT, By = 1051.2000 µT, Bz = 7.7440 µT",,,,,,,"11:22:23.456 -> Bx = -38.4000 µT, By = 1105.8000 µT, Bz = 1.9360 µT",,,,,,"11:23:25.880 -> Bx = -41.1000 µT, By = 1137.6000 µT, Bz = 0.4840 µT",,,,,,"11:24:04.334 -> Bx = -43.8000 µT, By = 1209.3000 µT, Bz = -4.8400 µT",,,,,,,"11:24:45.680 -> Bx = -43.8000 µT, By = 1273.8000 µT, Bz = -6.2920 µT",,,,,,,"11:25:26.182 -> Bx = -46.8000 µT, By = 1415.4000 µT, Bz = -17.9080 µT",,,,,,,"11:27:16.585 -> Bx = -44.7000 µT, By = 1590.3000 µT, Bz = -29.5240 µT",,,,,,"11:26:05.892 -> Bx = -50.1000 µT, By = 1770.9000 µT, Bz = -40.6560 µT",,,,,,,"11:27:57.098 -> Bx = -39.6000 µT, By = 2210.1000 µT, Bz = -68.7280 µT",,,,,,,"11:28:37.199 -> Bx = -18.3000 µT, By = 2704.2001 µT, Bz = -94.3800 µT",,,,,,,"11:29:11.545 -> Bx = 20.7000 µT, By = 3211.5002 µT, Bz = -116.1600 µT",,,,,,,"11:29:52.884 -> Bx = 83.4000 µT, By = 3666.9001 µT, Bz = -124.8720 µT",,,,,,,"11:30:47.463 -> Bx = 164.7000 µT, By = 3969.6000 µT, Bz = -109.8680 µT",,,,,,,"11:31:18.075 -> Bx = 242.7000 µT, By = 4048.5002 µT, Bz = -81.7960 µT",,,,,,,"11:31:52.786 -> Bx = 305.1000 µT, By = 3898.5002 µT, Bz = -40.1720 µT",,,,,,,"11:32:34.147 -> Bx = 326.1000 µT, By = 3741.9001 µT, Bz = -19.8440 µT",,,,,,,"11:33:25.847 -> Bx = 328.2000 µT, By = 3524.7001 µT, Bz = 0.4840 µT",,,,,,,"11:34:03.466 -> Bx = 318.3000 µT, By = 3028.5000 µT, Bz = 32.9120 µT"
,"11:11:11.645 -> Bx = -16.2000 µT, By = 756.3001 µT, Bz = 26.6200 µT",,,,,,,"11:17:24.564 -> Bx = -25.2000 µT, By = 193.5000 µT, Bz = 60.5000 µT",,,,,,,"11:17:57.655 -> Bx = -25.2000 µT, By = 277.2000 µT, Bz = 56.6280 µT",,,,,,,"11:18:40.229 -> Bx = -25.5000 µT, By = 400.5000 µT, Bz = 48.8840 µT",,,,,,,"11:19:25.705 -> Bx = -29.1000 µT, By = 599.7000 µT, Bz = 37.2680 µT",,,,,,,"11:20:26.055 -> Bx = -38.7000 µT, By = 919.8001 µT, Bz = 15.0040 µT",,,,,,,"11:21:04.515 -> Bx = -39.6000 µT, By = 1050.9000 µT, Bz = 7.7440 µT",,,,,,,"11:22:23.872 -> Bx = -38.4000 µT, By = 1105.8000 µT, Bz = 1.9360 µT",,,,,,"11:23:26.305 -> Bx = -42.0000 µT, By = 1137.9000 µT, Bz = 1.9360 µT",,,,,,"11:24:04.747 -> Bx = -44.1000 µT, By = 1209.3000 µT, Bz = -4.3560 µT",,,,,,,"11:24:46.099 -> Bx = -42.9000 µT, By = 1274.1000 µT, Bz = -7.2600 µT",,,,,,,"11:25:26.615 -> Bx = -46.8000 µT, By = 1415.1000 µT, Bz = -18.3920 µT",,,,,,,"11:27:16.987 -> Bx = -44.1000 µT, By = 1590.6000 µT, Bz = -29.5240 µT",,,,,,"11:26:06.301 -> Bx = -51.6000 µT, By = 1771.5001 µT, Bz = -40.6560 µT",,,,,,,"11:27:57.514 -> Bx = -39.3000 µT, By = 2210.7001 µT, Bz = -68.2440 µT",,,,,,,"11:28:37.633 -> Bx = -17.4000 µT, By = 2704.8000 µT, Bz = -94.3800 µT",,,,,,,"11:29:11.946 -> Bx = 21.3000 µT, By = 3212.1000 µT, Bz = -116.1600 µT",,,,,,,"11:29:53.282 -> Bx = 84.9000 µT, By = 3666.9001 µT, Bz = -124.8720 µT",,,,,,,"11:30:47.879 -> Bx = 163.8000 µT, By = 3970.2001 µT, Bz = -110.3520 µT",,,,,,,"11:31:18.485 -> Bx = 242.4000 µT, By = 4048.8000 µT, Bz = -82.2800 µT",,,,,,,"11:31:53.233 -> Bx = 304.8000 µT, By = 3897.6000 µT, Bz = -40.1720 µT",,,,,,,"11:32:34.563 -> Bx = 325.2000 µT, By = 3741.9001 µT, Bz = -20.3280 µT",,,,,,,"11:33:26.263 -> Bx = 328.2000 µT, By = 3524.7001 µT, Bz = 1.4520 µT",,,,,,,"11:34:03.883 -> Bx = 318.3000 µT, By = 3028.8000 µT, Bz = 32.4280 µT"
,"11:11:12.049 -> Bx = -16.2000 µT, By = 756.0000 µT, Bz = 25.6520 µT",,,,,,,"11:17:24.978 -> Bx = -25.5000 µT, By = 193.5000 µT, Bz = 60.5000 µT",,,,,,,"11:17:58.079 -> Bx = -24.9000 µT, By = 277.2000 µT, Bz = 55.6600 µT",,,,,,,"11:18:40.643 -> Bx = -25.2000 µT, By = 400.8000 µT, Bz = 48.8840 µT",,,,,,,"11:19:26.122 -> Bx = -29.1000 µT, By = 599.4000 µT, Bz = 36.7840 µT",,,,,,,"11:20:26.464 -> Bx = -38.4000 µT, By = 919.8001 µT, Bz = 15.4880 µT",,,,,,,"11:21:04.912 -> Bx = -39.3000 µT, By = 1050.9000 µT, Bz = 6.7760 µT",,,,,,,"11:22:24.290 -> Bx = -38.4000 µT, By = 1105.5000 µT, Bz = 2.4200 µT",,,,,,"11:23:26.722 -> Bx = -41.1000 µT, By = 1137.9000 µT, Bz = 0.4840 µT",,,,,,"11:24:05.165 -> Bx = -42.9000 µT, By = 1209.0000 µT, Bz = -4.3560 µT",,,,,,,"11:24:46.493 -> Bx = -44.4000 µT, By = 1274.1000 µT, Bz = -7.7440 µT",,,,,,,"11:25:27.016 -> Bx = -45.3000 µT, By = 1414.5000 µT, Bz = -17.4240 µT",,,,,,,"11:27:17.413 -> Bx = -45.0000 µT, By = 1590.0001 µT, Bz = -30.0080 µT",,,,,,"11:26:06.718 -> Bx = -50.7000 µT, By = 1771.5001 µT, Bz = -40.1720 µT",,,,,,,"11:27:57.927 -> Bx = -40.2000 µT, By = 2211.0000 µT, Bz = -69.2120 µT",,,,,,,"11:28:38.045 -> Bx = -17.4000 µT, By = 2704.2001 µT, Bz = -94.3800 µT",,,,,,,"11:29:12.344 -> Bx = 21.0000 µT, By = 3212.4001 µT, Bz = -115.6760 µT",,,,,,,"11:29:53.698 -> Bx = 84.6000 µT, By = 3667.2001 µT, Bz = -124.3880 µT",,,,,,,"11:30:48.288 -> Bx = 163.8000 µT, By = 3969.9001 µT, Bz = -109.3840 µT",,,,,,,"11:31:18.897 -> Bx = 242.1000 µT, By = 4047.6000 µT, Bz = -80.8280 µT",,,,,,,"11:31:53.650 -> Bx = 304.5000 µT, By = 3898.5002 µT, Bz = -40.6560 µT",,,,,,,"11:32:34.971 -> Bx = 324.6000 µT, By = 3741.9001 µT, Bz = -20.3280 µT",,,,,,,"11:33:26.646 -> Bx = 329.1000 µT, By = 3524.4001 µT, Bz = 0.4840 µT",,,,,,,"11:34:04.297 -> Bx = 320.4000 µT, By = 3028.2001 µT, Bz = 31.9440 µT"
,"11:11:12.464 -> Bx = -15.9000 µT, By = 756.6000 µT, Bz = 26.1360 µT",,,,,,,"11:17:25.399 -> Bx = -25.5000 µT, By = 193.2000 µT, Bz = 60.5000 µT",,,,,,,"11:17:58.464 -> Bx = -25.2000 µT, By = 277.5000 µT, Bz = 56.1440 µT",,,,,,,"11:18:41.046 -> Bx = -25.2000 µT, By = 400.2000 µT, Bz = 47.9160 µT",,,,,,,"11:19:26.520 -> Bx = -28.8000 µT, By = 599.4000 µT, Bz = 37.2680 µT",,,,,,,"11:20:26.894 -> Bx = -37.8000 µT, By = 920.1000 µT, Bz = 15.4880 µT",,,,,,,"11:21:05.346 -> Bx = -40.2000 µT, By = 1050.6000 µT, Bz = 6.7760 µT",,,,,,,"11:22:24.707 -> Bx = -38.7000 µT, By = 1105.5000 µT, Bz = 1.4520 µT",,,,,,"11:23:27.149 -> Bx = -40.2000 µT, By = 1137.9000 µT, Bz = 0.9680 µT",,,,,,"11:24:05.584 -> Bx = -43.8000 µT, By = 1208.7000 µT, Bz = -4.3560 µT",,,,,,,"11:24:46.929 -> Bx = -43.2000 µT, By = 1274.1000 µT, Bz = -7.2600 µT",,,,,,,"11:25:27.449 -> Bx = -47.7000 µT, By = 1415.1000 µT, Bz = -18.3920 µT",,,,,,,"11:27:17.842 -> Bx = -45.3000 µT, By = 1589.4000 µT, Bz = -30.0080 µT",,,,,,"11:26:07.129 -> Bx = -51.0000 µT, By = 1770.6000 µT, Bz = -39.6880 µT",,,,,,,"11:27:58.351 -> Bx = -39.6000 µT, By = 2210.4001 µT, Bz = -68.2440 µT",,,,,,,"11:28:38.468 -> Bx = -17.7000 µT, By = 2704.5000 µT, Bz = -93.8960 µT",,,,,,,"11:29:12.773 -> Bx = 21.3000 µT, By = 3211.5002 µT, Bz = -115.6760 µT",,,,,,,"11:29:54.130 -> Bx = 85.2000 µT, By = 3667.2001 µT, Bz = -123.9040 µT",,,,,,,"11:30:48.692 -> Bx = 165.0000 µT, By = 3969.0002 µT, Bz = -109.3840 µT",,,,,,,"11:31:19.316 -> Bx = 242.1000 µT, By = 4047.6000 µT, Bz = -81.3120 µT",,,,,,,"11:31:54.027 -> Bx = 303.6000 µT, By = 3898.2001 µT, Bz = -40.6560 µT",,,,,,,"11:32:35.376 -> Bx = 324.6000 µT, By = 3741.9001 µT, Bz = -20.8120 µT",,,,,,,"11:33:27.059 -> Bx = 328.8000 µT, By = 3524.7001 µT, Bz = 0.0000 µT",,,,,,,"11:34:04.715 -> Bx = 318.9000 µT, By = 3029.4001 µT, Bz = 32.4280 µT"
,"11:11:12.876 -> Bx = -15.9000 µT, By = 756.3001 µT, Bz = 26.1360 µT",,,,,,,"11:17:25.812 -> Bx = -25.5000 µT, By = 193.5000 µT, Bz = 60.0160 µT",,,,,,,"11:17:58.910 -> Bx = -25.5000 µT, By = 277.2000 µT, Bz = 57.1120 µT",,,,,,,"11:18:41.481 -> Bx = -25.8000 µT, By = 400.2000 µT, Bz = 48.8840 µT",,,,,,,"11:19:26.932 -> Bx = -29.4000 µT, By = 599.7000 µT, Bz = 36.3000 µT",,,,,,,"11:20:27.315 -> Bx = -37.5000 µT, By = 920.1000 µT, Bz = 15.0040 µT",,,,,,,"11:21:05.746 -> Bx = -39.9000 µT, By = 1050.6000 µT, Bz = 6.7760 µT",,,,,,,"11:22:25.122 -> Bx = -38.4000 µT, By = 1105.8000 µT, Bz = 1.9360 µT",,,,,,"11:23:27.531 -> Bx = -41.1000 µT, By = 1137.9000 µT, Bz = 0.9680 µT",,,,,,"11:24:05.982 -> Bx = -44.4000 µT, By = 1209.0000 µT, Bz = -4.8400 µT",,,,,,,"11:24:47.343 -> Bx = -43.5000 µT, By = 1273.8000 µT, Bz = -7.2600 µT",,,,,,,"11:25:27.838 -> Bx = -46.2000 µT, By = 1414.8000 µT, Bz = -17.9080 µT",,,,,,,"11:27:18.229 -> Bx = -44.4000 µT, By = 1590.3000 µT, Bz = -30.0080 µT",,,,,,"11:26:07.527 -> Bx = -50.7000 µT, By = 1771.5001 µT, Bz = -40.1720 µT",,,,,,,"11:27:58.771 -> Bx = -40.2000 µT, By = 2210.4001 µT, Bz = -69.2120 µT",,,,,,,"11:28:38.879 -> Bx = -18.6000 µT, By = 2703.9001 µT, Bz = -95.3480 µT",,,,,,,"11:29:13.203 -> Bx = 21.0000 µT, By = 3211.2001 µT, Bz = -115.6760 µT",,,,,,,"11:29:54.547 -> Bx = 84.3000 µT, By = 3667.8000 µT, Bz = -124.3880 µT",,,,,,,"11:30:49.108 -> Bx = 164.4000 µT, By = 3970.5002 µT, Bz = -109.8680 µT",,,,,,,"11:31:19.713 -> Bx = 242.4000 µT, By = 4047.9001 µT, Bz = -81.7960 µT",,,,,,,"11:31:54.444 -> Bx = 305.1000 µT, By = 3897.0002 µT, Bz = -41.1400 µT",,,,,,,"11:32:35.788 -> Bx = 324.9000 µT, By = 3741.6000 µT, Bz = -19.8440 µT",,,,,,,"11:33:27.478 -> Bx = 328.8000 µT, By = 3524.7001 µT, Bz = 0.4840 µT",,,,,,,"11:34:05.112 -> Bx = 318.3000 µT, By = 3027.9001 µT, Bz = 32.4280 µT"
,"11:11:13.300 -> Bx = -16.2000 µT, By = 756.3001 µT, Bz = 25.6520 µT",,,,,,,"11:17:26.247 -> Bx = -25.2000 µT, By = 193.5000 µT, Bz = 60.0160 µT",,,,,,,"11:17:59.295 -> Bx = -25.2000 µT, By = 276.6000 µT, Bz = 56.1440 µT",,,,,,,"11:18:41.895 -> Bx = -25.5000 µT, By = 400.8000 µT, Bz = 48.8840 µT",,,,,,,"11:19:27.346 -> Bx = -29.1000 µT, By = 599.7000 µT, Bz = 36.3000 µT",,,,,,,"11:20:27.712 -> Bx = -38.7000 µT, By = 920.1000 µT, Bz = 15.0040 µT",,,,,,,"11:21:06.148 -> Bx = -39.6000 µT, By = 1050.9000 µT, Bz = 7.2600 µT",,,,,,,"11:22:25.532 -> Bx = -39.0000 µT, By = 1105.5000 µT, Bz = 1.9360 µT",,,,,,"11:23:27.961 -> Bx = -41.7000 µT, By = 1138.2000 µT, Bz = 0.4840 µT",,,,,,"11:24:06.399 -> Bx = -42.3000 µT, By = 1208.7000 µT, Bz = -3.8720 µT",,,,,,,"11:24:47.744 -> Bx = -43.2000 µT, By = 1273.5000 µT, Bz = -7.7440 µT",,,,,,,"11:25:28.281 -> Bx = -46.8000 µT, By = 1414.8000 µT, Bz = -17.9080 µT",,,,,,,"11:27:18.645 -> Bx = -44.1000 µT, By = 1590.3000 µT, Bz = -29.5240 µT",,,,,,"11:26:07.965 -> Bx = -51.9000 µT, By = 1771.5001 µT, Bz = -40.6560 µT",,,,,,,"11:27:59.192 -> Bx = -40.5000 µT, By = 2210.1000 µT, Bz = -68.7280 µT",,,,,,,"11:28:39.284 -> Bx = -19.2000 µT, By = 2703.3000 µT, Bz = -95.3480 µT",,,,,,,"11:29:13.598 -> Bx = 21.6000 µT, By = 3210.9001 µT, Bz = -116.1600 µT",,,,,,,"11:29:54.965 -> Bx = 83.4000 µT, By = 3667.8000 µT, Bz = -124.3880 µT",,,,,,,"11:30:49.532 -> Bx = 164.1000 µT, By = 3969.3000 µT, Bz = -109.8680 µT",,,,,,,"11:31:20.131 -> Bx = 242.4000 µT, By = 4048.5002 µT, Bz = -80.8280 µT",,,,,,,"11:31:54.864 -> Bx = 305.1000 µT, By = 3898.5002 µT, Bz = -41.6240 µT",,,,,,,"11:32:36.215 -> Bx = 324.9000 µT, By = 3741.9001 µT, Bz = -20.3280 µT",,,,,,,"11:33:27.886 -> Bx = 329.1000 µT, By = 3525.3000 µT, Bz = 0.4840 µT",,,,,,,"11:34:05.529 -> Bx = 318.6000 µT, By = 3027.9001 µT, Bz = 32.4280 µT"
,"11:11:13.699 -> Bx = -16.2000 µT, By = 755.7000 µT, Bz = 25.1680 µT",,,,,,,"11:17:26.645 -> Bx = -24.9000 µT, By = 193.2000 µT, Bz = 60.5000 µT",,,,,,,"11:17:59.731 -> Bx = -25.5000 µT, By = 277.5000 µT, Bz = 55.6600 µT",,,,,,,"11:18:42.312 -> Bx = -25.8000 µT, By = 400.2000 µT, Bz = 49.8520 µT",,,,,,,"11:19:27.763 -> Bx = -28.5000 µT, By = 599.7000 µT, Bz = 36.7840 µT",,,,,,,"11:20:28.147 -> Bx = -38.1000 µT, By = 920.4000 µT, Bz = 14.0360 µT",,,,,,,"11:21:06.583 -> Bx = -39.3000 µT, By = 1051.2000 µT, Bz = 6.7760 µT",,,,,,,"11:22:25.963 -> Bx = -38.7000 µT, By = 1105.5000 µT, Bz = 2.4200 µT",,,,,,"11:23:28.381 -> Bx = -41.1000 µT, By = 1137.9000 µT, Bz = 0.9680 µT",,,,,,"11:24:06.805 -> Bx = -44.1000 µT, By = 1209.0000 µT, Bz = -4.8400 µT",,,,,,,"11:24:48.146 -> Bx = -43.5000 µT, By = 1273.8000 µT, Bz = -8.2280 µT",,,,,,,"11:25:28.673 -> Bx = -47.1000 µT, By = 1414.5000 µT, Bz = -17.9080 µT",,,,,,,"11:27:19.074 -> Bx = -45.0000 µT, By = 1590.0001 µT, Bz = -30.0080 µT",,,,,,"11:26:08.362 -> Bx = -50.7000 µT, By = 1771.5001 µT, Bz = -39.6880 µT",,,,,,,"11:27:59.575 -> Bx = -40.5000 µT, By = 2210.4001 µT, Bz = -68.7280 µT",,,,,,,"11:28:39.700 -> Bx = -17.1000 µT, By = 2703.9001 µT, Bz = -94.3800 µT",,,,,,,"11:29:14.016 -> Bx = 21.6000 µT, By = 3211.2001 µT, Bz = -115.6760 µT",,,,,,,"11:29:55.365 -> Bx = 84.6000 µT, By = 3666.6000 µT, Bz = -124.8720 µT",,,,,,,"11:30:49.950 -> Bx = 164.7000 µT, By = 3970.2001 µT, Bz = -108.9000 µT",,,,,,,"11:31:20.563 -> Bx = 242.1000 µT, By = 4048.5002 µT, Bz = -81.3120 µT",,,,,,,"11:31:55.299 -> Bx = 305.1000 µT, By = 3898.5002 µT, Bz = -41.1400 µT",,,,,,,"11:32:36.616 -> Bx = 325.2000 µT, By = 3741.9001 µT, Bz = -20.8120 µT",,,,,,,"11:33:28.307 -> Bx = 329.4000 µT, By = 3524.4001 µT, Bz = 0.0000 µT",,,,,,,"11:34:05.948 -> Bx = 318.9000 µT, By = 3028.8000 µT, Bz = 31.9440 µT"
,"11:11:14.141 -> Bx = -15.9000 µT, By = 756.6000 µT, Bz = 25.1680 µT",,,,,,,"11:17:27.063 -> Bx = -25.2000 µT, By = 193.5000 µT, Bz = 59.5320 µT",,,,,,,"11:18:00.148 -> Bx = -25.2000 µT, By = 276.9000 µT, Bz = 56.1440 µT",,,,,,,"11:18:42.698 -> Bx = -25.8000 µT, By = 400.5000 µT, Bz = 48.4000 µT",,,,,,,"11:19:28.182 -> Bx = -29.4000 µT, By = 599.4000 µT, Bz = 36.3000 µT",,,,,,,"11:20:28.544 -> Bx = -38.4000 µT, By = 920.4000 µT, Bz = 14.5200 µT",,,,,,,"11:21:06.996 -> Bx = -39.6000 µT, By = 1050.9000 µT, Bz = 6.7760 µT",,,,,,,"11:22:26.371 -> Bx = -38.4000 µT, By = 1105.8000 µT, Bz = 2.4200 µT",,,,,,"11:23:28.789 -> Bx = -40.5000 µT, By = 1137.3000 µT, Bz = 0.9680 µT",,,,,,"11:24:07.231 -> Bx = -43.8000 µT, By = 1209.0000 µT, Bz = -4.8400 µT",,,,,,,"11:24:48.564 -> Bx = -43.2000 µT, By = 1273.5000 µT, Bz = -7.7440 µT",,,,,,,"11:25:29.080 -> Bx = -46.8000 µT, By = 1414.2000 µT, Bz = -17.9080 µT",,,,,,,"11:27:19.473 -> Bx = -44.7000 µT, By = 1589.4000 µT, Bz = -29.5240 µT",,,,,,"11:26:08.795 -> Bx = -51.3000 µT, By = 1770.9000 µT, Bz = -39.6880 µT",,,,,,,"11:27:59.995 -> Bx = -39.3000 µT, By = 2210.4001 µT, Bz = -68.2440 µT",,,,,,,"11:28:40.114 -> Bx = -17.7000 µT, By = 2703.3000 µT, Bz = -94.3800 µT",,,,,,,"11:29:14.421 -> Bx = 21.6000 µT, By = 3210.6000 µT, Bz = -116.1600 µT",,,,,,,"11:29:55.766 -> Bx = 84.0000 µT, By = 3667.2001 µT, Bz = -123.9040 µT",,,,,,,"11:30:50.352 -> Bx = 163.5000 µT, By = 3969.6000 µT, Bz = -109.3840 µT",,,,,,,"11:31:20.975 -> Bx = 242.4000 µT, By = 4047.9001 µT, Bz = -81.7960 µT",,,,,,,"11:31:55.686 -> Bx = 304.5000 µT, By = 3897.6000 µT, Bz = -41.1400 µT",,,,,,,"11:32:37.053 -> Bx = 324.6000 µT, By = 3742.2001 µT, Bz = -20.8120 µT",,,,,,,"11:33:28.741 -> Bx = 329.4000 µT, By = 3524.1000 µT, Bz = 0.4840 µT",,,,,,,"11:34:06.365 -> Bx = 318.9000 µT, By = 3027.9001 µT, Bz = 31.9440 µT"
,"11:11:14.560 -> Bx = -15.9000 µT, By = 756.3001 µT, Bz = 25.6520 µT",,,,,,,"11:17:27.479 -> Bx = -24.9000 µT, By = 193.8000 µT, Bz = 60.0160 µT",,,,,,,"11:18:00.545 -> Bx = -25.5000 µT, By = 276.9000 µT, Bz = 56.6280 µT",,,,,,,"11:18:43.128 -> Bx = -25.5000 µT, By = 400.5000 µT, Bz = 48.4000 µT",,,,,,,"11:19:28.596 -> Bx = -28.2000 µT, By = 599.7000 µT, Bz = 37.2680 µT",,,,,,,"11:20:28.962 -> Bx = -38.1000 µT, By = 919.5001 µT, Bz = 14.0360 µT",,,,,,,"11:21:07.409 -> Bx = -39.0000 µT, By = 1050.9000 µT, Bz = 6.2920 µT",,,,,,,"11:22:26.784 -> Bx = -38.7000 µT, By = 1105.2000 µT, Bz = 1.9360 µT",,,,,,"11:23:29.191 -> Bx = -41.1000 µT, By = 1137.9000 µT, Bz = 1.4520 µT",,,,,,"11:24:07.633 -> Bx = -44.1000 µT, By = 1209.3000 µT, Bz = -4.8400 µT",,,,,,,"11:24:48.982 -> Bx = -42.6000 µT, By = 1273.8000 µT, Bz = -8.2280 µT",,,,,,,"11:25:29.514 -> Bx = -47.1000 µT, By = 1415.1000 µT, Bz = -18.3920 µT",,,,,,,"11:27:19.883 -> Bx = -44.4000 µT, By = 1589.7000 µT, Bz = -30.0080 µT",,,,,,"11:26:09.181 -> Bx = -49.8000 µT, By = 1771.2000 µT, Bz = -40.1720 µT",,,,,,,"11:28:00.426 -> Bx = -39.3000 µT, By = 2209.8000 µT, Bz = -69.2120 µT",,,,,,,"11:28:40.532 -> Bx = -18.9000 µT, By = 2703.6000 µT, Bz = -95.3480 µT",,,,,,,"11:29:14.830 -> Bx = 21.3000 µT, By = 3210.3000 µT, Bz = -116.6440 µT",,,,,,,"11:29:56.198 -> Bx = 85.5000 µT, By = 3668.1000 µT, Bz = -124.3880 µT",,,,,,,"11:30:50.777 -> Bx = 163.5000 µT, By = 3969.0002 µT, Bz = -109.3840 µT",,,,,,,"11:31:21.393 -> Bx = 243.0000 µT, By = 4047.6000 µT, Bz = -81.3120 µT",,,,,,,"11:31:56.097 -> Bx = 305.1000 µT, By = 3897.0002 µT, Bz = -41.1400 µT",,,,,,,"11:32:37.443 -> Bx = 325.2000 µT, By = 3741.6000 µT, Bz = -20.8120 µT",,,,,,,"11:33:29.156 -> Bx = 329.4000 µT, By = 3524.4001 µT, Bz = 0.4840 µT",,,,,,,"11:34:06.779 -> Bx = 318.3000 µT, By = 3027.9001 µT, Bz = 31.9440 µT"
,"11:11:14.942 -> Bx = -15.3000 µT, By = 756.3001 µT, Bz = 25.6520 µT",,,,,,,"11:17:27.880 -> Bx = -25.2000 µT, By = 193.8000 µT, Bz = 60.5000 µT",,,,,,,"11:18:00.963 -> Bx = -25.2000 µT, By = 276.9000 µT, Bz = 56.6280 µT",,,,,,,"11:18:43.550 -> Bx = -25.5000 µT, By = 400.5000 µT, Bz = 48.4000 µT",,,,,,,"11:19:29.001 -> Bx = -29.4000 µT, By = 599.1000 µT, Bz = 36.3000 µT",,,,,,,"11:20:29.363 -> Bx = -37.5000 µT, By = 920.1000 µT, Bz = 14.0360 µT",,,,,,,"11:21:07.812 -> Bx = -39.6000 µT, By = 1050.6000 µT, Bz = 5.8080 µT",,,,,,,"11:22:27.191 -> Bx = -39.0000 µT, By = 1105.2000 µT, Bz = 1.9360 µT",,,,,,"11:23:29.622 -> Bx = -41.4000 µT, By = 1137.9000 µT, Bz = 1.4520 µT",,,,,,"11:24:08.045 -> Bx = -44.4000 µT, By = 1209.0000 µT, Bz = -4.3560 µT",,,,,,,"11:24:49.400 -> Bx = -45.3000 µT, By = 1273.8000 µT, Bz = -8.7120 µT",,,,,,,"11:25:29.928 -> Bx = -46.2000 µT, By = 1413.9000 µT, Bz = -18.3920 µT",,,,,,,"11:27:20.317 -> Bx = -44.4000 µT, By = 1589.7000 µT, Bz = -30.0080 µT",,,,,,"11:26:09.592 -> Bx = -50.4000 µT, By = 1771.2000 µT, Bz = -40.1720 µT",,,,,,,"11:28:00.815 -> Bx = -39.6000 µT, By = 2210.4001 µT, Bz = -68.7280 µT",,,,,,,"11:28:40.933 -> Bx = -18.6000 µT, By = 2703.9001 µT, Bz = -94.3800 µT",,,,,,,"11:29:15.251 -> Bx = 21.6000 µT, By = 3210.6000 µT, Bz = -116.1600 µT",,,,,,,"11:29:56.599 -> Bx = 83.4000 µT, By = 3666.3000 µT, Bz = -124.3880 µT",,,,,,,"11:30:51.181 -> Bx = 164.1000 µT, By = 3969.6000 µT, Bz = -109.8680 µT",,,,,,,"11:31:21.774 -> Bx = 242.4000 µT, By = 4047.6000 µT, Bz = -82.2800 µT",,,,,,,"11:31:56.532 -> Bx = 305.1000 µT, By = 3897.6000 µT, Bz = -41.1400 µT",,,,,,,"11:32:37.876 -> Bx = 325.2000 µT, By = 3741.6000 µT, Bz = -20.3280 µT",,,,,,,"11:33:29.563 -> Bx = 328.8000 µT, By = 3524.4001 µT, Bz = 0.0000 µT",,,,,,,"11:34:07.181 -> Bx = 318.6000 µT, By = 3027.6000 µT, Bz = 32.4280 µT"
,"11:11:15.364 -> Bx = -15.9000 µT, By = 756.3001 µT, Bz = 25.1680 µT",,,,,,,"11:17:28.287 -> Bx = -25.2000 µT, By = 194.1000 µT, Bz = 60.5000 µT",,,,,,,"11:18:01.365 -> Bx = -26.1000 µT, By = 277.5000 µT, Bz = 56.1440 µT",,,,,,,"11:18:43.944 -> Bx = -25.5000 µT, By = 400.5000 µT, Bz = 48.8840 µT",,,,,,,"11:19:29.428 -> Bx = -28.8000 µT, By = 599.7000 µT, Bz = 35.8160 µT",,,,,,,"11:20:29.779 -> Bx = -37.8000 µT, By = 920.4000 µT, Bz = 14.0360 µT",,,,,,,"11:21:08.249 -> Bx = -39.3000 µT, By = 1050.9000 µT, Bz = 7.2600 µT",,,,,,,"11:22:27.607 -> Bx = -39.6000 µT, By = 1104.9000 µT, Bz = 1.9360 µT",,,,,,"11:23:30.028 -> Bx = -41.4000 µT, By = 1137.6000 µT, Bz = 1.4520 µT",,,,,,"11:24:08.459 -> Bx = -43.8000 µT, By = 1209.3000 µT, Bz = -4.3560 µT",,,,,,,"11:24:49.811 -> Bx = -43.8000 µT, By = 1273.2000 µT, Bz = -8.7120 µT",,,,,,,"11:25:30.346 -> Bx = -46.8000 µT, By = 1414.5000 µT, Bz = -18.3920 µT",,,,,,,"11:27:20.733 -> Bx = -44.1000 µT, By = 1590.0001 µT, Bz = -29.5240 µT",,,,,,"11:26:10.005 -> Bx = -49.5000 µT, By = 1772.1000 µT, Bz = -39.6880 µT",,,,,,,"11:28:01.245 -> Bx = -39.3000 µT, By = 2210.4001 µT, Bz = -68.7280 µT",,,,,,,"11:28:41.332 -> Bx = -18.0000 µT, By = 2703.9001 µT, Bz = -94.3800 µT",,,,,,,"11:29:15.681 -> Bx = 21.6000 µT, By = 3210.9001 µT, Bz = -116.6440 µT",,,,,,,"11:29:57.029 -> Bx = 84.0000 µT, By = 3667.2001 µT, Bz = -124.3880 µT",,,,,,,"11:30:51.601 -> Bx = 163.8000 µT, By = 3969.6000 µT, Bz = -109.3840 µT",,,,,,,"11:31:22.187 -> Bx = 242.7000 µT, By = 4047.3000 µT, Bz = -82.2800 µT",,,,,,,"11:31:56.943 -> Bx = 305.1000 µT, By = 3896.1000 µT, Bz = -40.6560 µT",,,,,,,"11:32:38.277 -> Bx = 324.9000 µT, By = 3741.9001 µT, Bz = -20.3280 µT",,,,,,,"11:33:29.955 -> Bx = 329.1000 µT, By = 3524.1000 µT, Bz = 0.4840 µT",,,,,,,"11:34:07.578 -> Bx = 318.6000 µT, By = 3027.9001 µT, Bz = 32.4280 µT"
,"11:11:15.780 -> Bx = -15.9000 µT, By = 756.0000 µT, Bz = 25.6520 µT",,,,,,,"11:17:28.716 -> Bx = -25.2000 µT, By = 193.8000 µT, Bz = 59.5320 µT",,,,,,,"11:18:01.768 -> Bx = -25.2000 µT, By = 277.2000 µT, Bz = 56.6280 µT",,,,,,,"11:18:44.354 -> Bx = -25.2000 µT, By = 400.5000 µT, Bz = 48.8840 µT",,,,,,,"11:19:29.829 -> Bx = -29.1000 µT, By = 600.0000 µT, Bz = 36.3000 µT",,,,,,,"11:20:30.182 -> Bx = -37.8000 µT, By = 920.1000 µT, Bz = 14.5200 µT",,,,,,,"11:21:08.662 -> Bx = -40.2000 µT, By = 1050.0000 µT, Bz = 7.2600 µT",,,,,,,"11:22:28.009 -> Bx = -38.7000 µT, By = 1105.8000 µT, Bz = 2.9040 µT",,,,,,"11:23:30.462 -> Bx = -42.3000 µT, By = 1138.2000 µT, Bz = 1.4520 µT",,,,,,"11:24:08.877 -> Bx = -43.5000 µT, By = 1208.7000 µT, Bz = -4.8400 µT",,,,,,,"11:24:50.214 -> Bx = -44.1000 µT, By = 1274.1000 µT, Bz = -8.2280 µT",,,,,,,"11:25:30.730 -> Bx = -47.1000 µT, By = 1414.5000 µT, Bz = -17.9080 µT",,,,,,,"11:27:21.132 -> Bx = -44.4000 µT, By = 1590.0001 µT, Bz = -30.0080 µT",,,,,,"11:26:10.448 -> Bx = -50.4000 µT, By = 1770.9000 µT, Bz = -40.1720 µT",,,,,,,"11:28:01.638 -> Bx = -39.3000 µT, By = 2209.5000 µT, Bz = -68.7280 µT",,,,,,,"11:28:41.747 -> Bx = -18.3000 µT, By = 2704.2001 µT, Bz = -94.3800 µT",,,,,,,"11:29:16.067 -> Bx = 21.0000 µT, By = 3211.2001 µT, Bz = -116.1600 µT",,,,,,,"11:29:57.417 -> Bx = 85.5000 µT, By = 3667.5002 µT, Bz = -124.3880 µT",,,,,,,"11:30:51.998 -> Bx = 164.1000 µT, By = 3969.0002 µT, Bz = -109.8680 µT",,,,,,,"11:31:22.601 -> Bx = 242.7000 µT, By = 4047.3000 µT, Bz = -81.7960 µT",,,,,,,"11:31:57.367 -> Bx = 304.2000 µT, By = 3897.0002 µT, Bz = -40.6560 µT",,,,,,,"11:32:38.695 -> Bx = 324.3000 µT, By = 3741.9001 µT, Bz = -20.3280 µT",,,,,,,"11:33:30.397 -> Bx = 329.1000 µT, By = 3525.0002 µT, Bz = 0.4840 µT",,,,,,,"11:34:07.992 -> Bx = 318.6000 µT, By = 3027.9001 µT, Bz = 32.9120 µT"
,"11:11:16.199 -> Bx = -15.6000 µT, By = 756.6000 µT, Bz = 25.1680 µT",,,,,,,"11:17:29.147 -> Bx = -25.2000 µT, By = 193.2000 µT, Bz = 59.5320 µT",,,,,,,"11:18:02.216 -> Bx = -25.5000 µT, By = 277.5000 µT, Bz = 56.6280 µT",,,,,,,"11:18:44.795 -> Bx = -25.8000 µT, By = 400.5000 µT, Bz = 49.3680 µT",,,,,,,"11:19:30.264 -> Bx = -28.8000 µT, By = 600.0000 µT, Bz = 37.2680 µT",,,,,,,"11:20:30.596 -> Bx = -37.8000 µT, By = 920.1000 µT, Bz = 14.0360 µT",,,,,,,"11:21:09.048 -> Bx = -39.3000 µT, By = 1050.6000 µT, Bz = 7.7440 µT",,,,,,,"11:22:28.446 -> Bx = -39.0000 µT, By = 1105.2000 µT, Bz = 2.4200 µT",,,,,,"11:23:30.847 -> Bx = -41.7000 µT, By = 1137.3000 µT, Bz = 1.4520 µT",,,,,,"11:24:09.294 -> Bx = -43.8000 µT, By = 1208.7000 µT, Bz = -4.8400 µT",,,,,,,"11:24:50.630 -> Bx = -44.1000 µT, By = 1273.5000 µT, Bz = -7.7440 µT",,,,,,,"11:25:31.165 -> Bx = -46.8000 µT, By = 1414.2000 µT, Bz = -17.9080 µT",,,,,,,"11:27:21.565 -> Bx = -44.4000 µT, By = 1590.0001 µT, Bz = -30.0080 µT",,,,,,"11:26:10.844 -> Bx = -51.0000 µT, By = 1771.2000 µT, Bz = -40.1720 µT",,,,,,,"11:28:02.076 -> Bx = -40.2000 µT, By = 2209.5000 µT, Bz = -68.7280 µT",,,,,,,"11:28:42.165 -> Bx = -18.6000 µT, By = 2704.5000 µT, Bz = -95.3480 µT",,,,,,,"11:29:16.483 -> Bx = 21.6000 µT, By = 3210.6000 µT, Bz = -115.6760 µT",,,,,,,"11:29:57.832 -> Bx = 84.3000 µT, By = 3666.6000 µT, Bz = -123.9040 µT",,,,,,,"11:30:52.415 -> Bx = 164.1000 µT, By = 3970.8000 µT, Bz = -108.9000 µT",,,,,,,"11:31:23.018 -> Bx = 242.7000 µT, By = 4048.5002 µT, Bz = -81.3120 µT",,,,,,,"11:31:57.775 -> Bx = 305.1000 µT, By = 3897.3000 µT, Bz = -41.6240 µT",,,,,,,"11:32:39.130 -> Bx = 325.2000 µT, By = 3741.0002 µT, Bz = -20.3280 µT",,,,,,,"11:33:30.784 -> Bx = 328.5000 µT, By = 3523.8000 µT, Bz = 0.9680 µT",,,,,,,"11:34:08.430 -> Bx = 319.2000 µT, By = 3028.5000 µT, Bz = 31.9440 µT"
,"11:11:16.596 -> Bx = -15.9000 µT, By = 755.7000 µT, Bz = 25.1680 µT",,,,,,,"11:17:29.529 -> Bx = -25.5000 µT, By = 193.8000 µT, Bz = 60.5000 µT",,,,,,,"11:18:02.628 -> Bx = -25.5000 µT, By = 276.9000 µT, Bz = 56.6280 µT",,,,,,,"11:18:45.196 -> Bx = -25.5000 µT, By = 400.5000 µT, Bz = 48.4000 µT",,,,,,,"11:19:30.664 -> Bx = -28.8000 µT, By = 599.7000 µT, Bz = 36.3000 µT",,,,,,,"11:20:31.027 -> Bx = -37.8000 µT, By = 919.8001 µT, Bz = 13.5520 µT",,,,,,,"11:21:09.473 -> Bx = -40.2000 µT, By = 1050.3000 µT, Bz = 7.7440 µT",,,,,,,"11:22:28.830 -> Bx = -39.0000 µT, By = 1105.5000 µT, Bz = 2.4200 µT",,,,,,"11:23:31.269 -> Bx = -41.7000 µT, By = 1137.6000 µT, Bz = 0.9680 µT",,,,,,"11:24:09.703 -> Bx = -43.5000 µT, By = 1208.4000 µT, Bz = -4.3560 µT",,,,,,,"11:24:51.046 -> Bx = -43.5000 µT, By = 1274.1000 µT, Bz = -8.2280 µT",,,,,,,"11:25:31.582 -> Bx = -47.7000 µT, By = 1414.5000 µT, Bz = -17.9080 µT",,,,,,,"11:27:21.963 -> Bx = -45.0000 µT, By = 1589.7000 µT, Bz = -30.0080 µT",,,,,,"11:26:11.246 -> Bx = -49.8000 µT, By = 1770.9000 µT, Bz = -40.1720 µT",,,,,,,"11:28:02.466 -> Bx = -40.2000 µT, By = 2210.1000 µT, Bz = -68.2440 µT",,,,,,,"11:28:42.584 -> Bx = -18.3000 µT, By = 2703.9001 µT, Bz = -94.8640 µT",,,,,,,"11:29:16.922 -> Bx = 22.2000 µT, By = 3210.6000 µT, Bz = -116.1600 µT",,,,,,,"11:29:58.249 -> Bx = 83.7000 µT, By = 3665.7001 µT, Bz = -123.9040 µT",,,,,,,"11:30:52.827 -> Bx = 164.7000 µT, By = 3969.9001 µT, Bz = -109.8680 µT",,,,,,,"11:31:23.432 -> Bx = 242.7000 µT, By = 4046.7001 µT, Bz = -81.7960 µT",,,,,,,"11:31:58.186 -> Bx = 305.4000 µT, By = 3897.3000 µT, Bz = -40.6560 µT",,,,,,,"11:32:39.515 -> Bx = 324.3000 µT, By = 3741.9001 µT, Bz = -19.8440 µT",,,,,,,"11:33:31.211 -> Bx = 328.8000 µT, By = 3524.1000 µT, Bz = 0.0000 µT",,,,,,,"11:34:08.821 -> Bx = 320.1000 µT, By = 3028.5000 µT, Bz = 31.9440 µT"
,"11:11:17.014 -> Bx = -16.2000 µT, By = 756.6000 µT, Bz = 25.1680 µT",,,,,,,"11:17:29.956 -> Bx = -25.2000 µT, By = 193.8000 µT, Bz = 60.0160 µT",,,,,,,"11:18:03.031 -> Bx = -26.1000 µT, By = 277.2000 µT, Bz = 56.6280 µT",,,,,,,"11:18:45.612 -> Bx = -25.5000 µT, By = 400.2000 µT, Bz = 48.8840 µT",,,,,,,"11:19:31.079 -> Bx = -29.7000 µT, By = 599.1000 µT, Bz = 36.7840 µT",,,,,,,"11:20:31.445 -> Bx = -37.8000 µT, By = 919.8001 µT, Bz = 14.0360 µT",,,,,,,"11:21:09.871 -> Bx = -40.5000 µT, By = 1050.9000 µT, Bz = 7.2600 µT",,,,,,,"11:22:29.255 -> Bx = -39.3000 µT, By = 1105.5000 µT, Bz = 2.4200 µT",,,,,,"11:23:31.672 -> Bx = -41.4000 µT, By = 1138.2000 µT, Bz = 1.4520 µT",,,,,,"11:24:10.114 -> Bx = -44.7000 µT, By = 1208.4000 µT, Bz = -3.8720 µT",,,,,,,"11:24:51.452 -> Bx = -42.9000 µT, By = 1273.8000 µT, Bz = -8.2280 µT",,,,,,,"11:25:31.978 -> Bx = -46.5000 µT, By = 1414.5000 µT, Bz = -17.9080 µT",,,,,,,"11:27:22.381 -> Bx = -44.4000 µT, By = 1589.7000 µT, Bz = -30.4920 µT",,,,,,"11:26:11.679 -> Bx = -51.3000 µT, By = 1770.6000 µT, Bz = -40.1720 µT",,,,,,,"11:28:02.879 -> Bx = -39.9000 µT, By = 2210.4001 µT, Bz = -68.2440 µT",,,,,,,"11:28:43.001 -> Bx = -18.3000 µT, By = 2703.6000 µT, Bz = -94.8640 µT",,,,,,,"11:29:17.304 -> Bx = 21.6000 µT, By = 3210.9001 µT, Bz = -115.6760 µT",,,,,,,"11:29:58.656 -> Bx = 84.0000 µT, By = 3666.6000 µT, Bz = -123.9040 µT",,,,,,,"11:30:53.243 -> Bx = 164.1000 µT, By = 3969.3000 µT, Bz = -109.3840 µT",,,,,,,"11:31:23.858 -> Bx = 242.7000 µT, By = 4047.0002 µT, Bz = -82.2800 µT",,,,,,,"11:31:58.584 -> Bx = 306.0000 µT, By = 3897.6000 µT, Bz = -42.1080 µT",,,,,,,"11:32:39.927 -> Bx = 324.6000 µT, By = 3741.9001 µT, Bz = -19.8440 µT",,,,,,,"11:33:31.642 -> Bx = 328.5000 µT, By = 3523.8000 µT, Bz = 0.0000 µT",,,,,,,"11:34:09.266 -> Bx = 319.2000 µT, By = 3027.9001 µT, Bz = 32.4280 µT"
,"11:11:17.420 -> Bx = -15.9000 µT, By = 756.3001 µT, Bz = 25.1680 µT",,,,,,,"11:17:30.372 -> Bx = -25.5000 µT, By = 193.5000 µT, Bz = 60.5000 µT",,,,,,,"11:18:03.423 -> Bx = -25.5000 µT, By = 276.9000 µT, Bz = 56.1440 µT",,,,,,,"11:18:46.008 -> Bx = -25.5000 µT, By = 400.5000 µT, Bz = 48.8840 µT",,,,,,,"11:19:31.500 -> Bx = -29.1000 µT, By = 599.4000 µT, Bz = 36.7840 µT",,,,,,,"11:20:31.845 -> Bx = -37.8000 µT, By = 919.5001 µT, Bz = 14.0360 µT",,,,,,,"11:21:10.297 -> Bx = -40.2000 µT, By = 1050.6000 µT, Bz = 6.7760 µT",,,,,,,"11:22:29.657 -> Bx = -39.3000 µT, By = 1104.9000 µT, Bz = 1.9360 µT",,,,,,"11:23:32.105 -> Bx = -42.0000 µT, By = 1137.6000 µT, Bz = 0.9680 µT",,,,,,"11:24:10.552 -> Bx = -44.4000 µT, By = 1208.7000 µT, Bz = -4.3560 µT",,,,,,,"11:24:51.878 -> Bx = -43.8000 µT, By = 1273.8000 µT, Bz = -8.7120 µT",,,,,,,"11:25:32.414 -> Bx = -47.4000 µT, By = 1414.2000 µT, Bz = -18.3920 µT",,,,,,,"11:27:22.798 -> Bx = -44.1000 µT, By = 1589.4000 µT, Bz = -30.0080 µT",,,,,,"11:26:12.073 -> Bx = -51.0000 µT, By = 1770.3000 µT, Bz = -41.1400 µT",,,,,,,"11:28:03.293 -> Bx = -40.2000 µT, By = 2209.2001 µT, Bz = -68.7280 µT",,,,,,,"11:28:43.414 -> Bx = -18.6000 µT, By = 2703.3000 µT, Bz = -94.8640 µT",,,,,,,"11:29:17.737 -> Bx = 21.6000 µT, By = 3210.3000 µT, Bz = -116.1600 µT",,,,,,,"11:29:59.084 -> Bx = 84.3000 µT, By = 3666.6000 µT, Bz = -123.9040 µT",,,,,,,"11:30:53.651 -> Bx = 164.1000 µT, By = 3970.2001 µT, Bz = -110.3520 µT",,,,,,,"11:31:24.279 -> Bx = 242.1000 µT, By = 4047.3000 µT, Bz = -81.7960 µT",,,,,,,"11:31:59.004 -> Bx = 305.4000 µT, By = 3897.0002 µT, Bz = -42.1080 µT",,,,,,,"11:32:40.351 -> Bx = 324.9000 µT, By = 3741.3000 µT, Bz = -19.3600 µT",,,,,,,"11:33:32.031 -> Bx = 328.8000 µT, By = 3524.1000 µT, Bz = 0.0000 µT",,,,,,,"11:34:09.651 -> Bx = 318.6000 µT, By = 3028.2001 µT, Bz = 32.9120 µT"
,"11:11:17.845 -> Bx = -16.8000 µT, By = 756.6000 µT, Bz = 25.1680 µT",,,,,,,"11:17:30.770 -> Bx = -25.8000 µT, By = 193.5000 µT, Bz = 60.0160 µT",,,,,,,"11:18:03.857 -> Bx = -25.2000 µT, By = 276.9000 µT, Bz = 56.1440 µT",,,,,,,"11:18:46.429 -> Bx = -25.5000 µT, By = 400.5000 µT, Bz = 48.8840 µT",,,,,,,"11:19:31.897 -> Bx = -29.1000 µT, By = 600.3001 µT, Bz = 35.8160 µT",,,,,,,"11:20:32.286 -> Bx = -37.8000 µT, By = 919.8001 µT, Bz = 14.0360 µT",,,,,,,"11:21:10.698 -> Bx = -39.9000 µT, By = 1050.6000 µT, Bz = 7.2600 µT",,,,,,,"11:22:30.070 -> Bx = -39.3000 µT, By = 1105.2000 µT, Bz = 1.9360 µT",,,,,,"11:23:32.522 -> Bx = -41.4000 µT, By = 1137.6000 µT, Bz = 1.4520 µT",,,,,,"11:24:10.958 -> Bx = -44.4000 µT, By = 1209.3000 µT, Bz = -4.3560 µT",,,,,,,"11:24:52.300 -> Bx = -43.5000 µT, By = 1274.1000 µT, Bz = -9.6800 µT",,,,,,,"11:25:32.811 -> Bx = -46.5000 µT, By = 1413.9000 µT, Bz = -17.9080 µT",,,,,,,"11:27:23.200 -> Bx = -44.7000 µT, By = 1590.0001 µT, Bz = -30.0080 µT",,,,,,"11:26:12.487 -> Bx = -50.1000 µT, By = 1770.3000 µT, Bz = -41.1400 µT",,,,,,,"11:28:03.710 -> Bx = -40.5000 µT, By = 2209.5000 µT, Bz = -68.7280 µT",,,,,,,"11:28:43.833 -> Bx = -18.3000 µT, By = 2704.2001 µT, Bz = -94.3800 µT",,,,,,,"11:29:18.133 -> Bx = 21.9000 µT, By = 3210.3000 µT, Bz = -116.6440 µT",,,,,,,"11:29:59.514 -> Bx = 84.0000 µT, By = 3666.3000 µT, Bz = -124.3880 µT",,,,,,,"11:30:54.081 -> Bx = 164.4000 µT, By = 3968.7001 µT, Bz = -110.3520 µT",,,,,,,"11:31:24.669 -> Bx = 242.7000 µT, By = 4046.7001 µT, Bz = -80.8280 µT",,,,,,,"11:31:59.415 -> Bx = 305.1000 µT, By = 3897.0002 µT, Bz = -41.1400 µT",,,,,,,"11:32:40.767 -> Bx = 325.5000 µT, By = 3742.2001 µT, Bz = -20.3280 µT",,,,,,,"11:33:32.433 -> Bx = 329.4000 µT, By = 3524.1000 µT, Bz = -0.4840 µT",,,,,,,"11:34:10.082 -> Bx = 319.2000 µT, By = 3027.6000 µT, Bz = 31.9440 µT"
,"11:11:18.245 -> Bx = -16.2000 µT, By = 756.0000 µT, Bz = 25.1680 µT",,,,,,,"11:17:31.181 -> Bx = -25.5000 µT, By = 193.5000 µT, Bz = 60.5000 µT",,,,,,,"11:18:04.252 -> Bx = -25.5000 µT, By = 276.9000 µT, Bz = 56.6280 µT",,,,,,,"11:18:46.830 -> Bx = -25.8000 µT, By = 400.8000 µT, Bz = 48.8840 µT",,,,,,,"11:19:32.315 -> Bx = -29.1000 µT, By = 599.1000 µT, Bz = 35.8160 µT",,,,,,,"11:20:32.680 -> Bx = -38.1000 µT, By = 920.1000 µT, Bz = 14.5200 µT",,,,,,,"11:21:11.128 -> Bx = -40.5000 µT, By = 1050.9000 µT, Bz = 8.2280 µT",,,,,,,"11:22:30.509 -> Bx = -39.3000 µT, By = 1104.9000 µT, Bz = 1.4520 µT",,,,,,"11:23:32.913 -> Bx = -41.1000 µT, By = 1137.6000 µT, Bz = 1.4520 µT",,,,,,"11:24:11.371 -> Bx = -43.5000 µT, By = 1208.7000 µT, Bz = -4.3560 µT",,,,,,,"11:24:52.711 -> Bx = -42.6000 µT, By = 1273.5000 µT, Bz = -9.1960 µT",,,,,,,"11:25:33.223 -> Bx = -47.7000 µT, By = 1413.9000 µT, Bz = -18.3920 µT",,,,,,,"11:27:23.615 -> Bx = -44.1000 µT, By = 1589.7000 µT, Bz = -30.0080 µT",,,,,,"11:26:12.913 -> Bx = -49.5000 µT, By = 1770.6000 µT, Bz = -41.1400 µT",,,,,,,"11:28:04.120 -> Bx = -40.8000 µT, By = 2209.5000 µT, Bz = -69.2120 µT",,,,,,,"11:28:44.226 -> Bx = -18.6000 µT, By = 2703.9001 µT, Bz = -93.8960 µT",,,,,,,"11:29:18.545 -> Bx = 21.9000 µT, By = 3210.6000 µT, Bz = -116.1600 µT",,,,,,,"11:29:59.927 -> Bx = 83.4000 µT, By = 3666.6000 µT, Bz = -123.9040 µT",,,,,,,"11:30:54.482 -> Bx = 164.4000 µT, By = 3968.4001 µT, Bz = -109.3840 µT",,,,,,,"11:31:25.111 -> Bx = 242.7000 µT, By = 4047.3000 µT, Bz = -81.7960 µT",,,,,,,"11:31:59.816 -> Bx = 305.4000 µT, By = 3896.4001 µT, Bz = -39.6880 µT",,,,,,,"11:32:41.167 -> Bx = 324.0000 µT, By = 3741.6000 µT, Bz = -19.8440 µT",,,,,,,"11:33:32.879 -> Bx = 328.5000 µT, By = 3523.8000 µT, Bz = 0.9680 µT",,,,,,,"11:34:10.500 -> Bx = 318.6000 µT, By = 3027.9001 µT, Bz = 32.9120 µT"
,"11:11:18.684 -> Bx = -15.9000 µT, By = 756.0000 µT, Bz = 25.1680 µT",,,,,,,"11:17:31.613 -> Bx = -25.2000 µT, By = 193.5000 µT, Bz = 60.5000 µT",,,,,,,"11:18:04.676 -> Bx = -25.2000 µT, By = 277.2000 µT, Bz = 56.1440 µT",,,,,,,"11:18:47.275 -> Bx = -25.5000 µT, By = 400.5000 µT, Bz = 48.8840 µT",,,,,,,"11:19:32.747 -> Bx = -28.8000 µT, By = 599.4000 µT, Bz = 36.7840 µT",,,,,,,"11:20:33.110 -> Bx = -38.7000 µT, By = 919.8001 µT, Bz = 14.5200 µT",,,,,,,"11:21:11.546 -> Bx = -38.7000 µT, By = 1050.3000 µT, Bz = 7.2600 µT",,,,,,,"11:22:30.909 -> Bx = -38.4000 µT, By = 1104.6000 µT, Bz = 0.9680 µT",,,,,,"11:23:33.318 -> Bx = -41.4000 µT, By = 1137.3000 µT, Bz = 0.0000 µT",,,,,,"11:24:11.790 -> Bx = -44.1000 µT, By = 1209.0000 µT, Bz = -4.3560 µT",,,,,,,"11:24:53.114 -> Bx = -43.2000 µT, By = 1273.8000 µT, Bz = -8.7120 µT",,,,,,,"11:25:33.639 -> Bx = -47.1000 µT, By = 1414.2000 µT, Bz = -18.3920 µT",,,,,,,"11:27:24.030 -> Bx = -44.4000 µT, By = 1590.0001 µT, Bz = -30.0080 µT",,,,,,"11:26:13.313 -> Bx = -50.1000 µT, By = 1770.9000 µT, Bz = -41.1400 µT",,,,,,,"11:28:04.536 -> Bx = -39.9000 µT, By = 2209.8000 µT, Bz = -68.2440 µT",,,,,,,"11:28:44.641 -> Bx = -18.3000 µT, By = 2703.3000 µT, Bz = -94.8640 µT",,,,,,,"11:29:18.960 -> Bx = 21.3000 µT, By = 3210.9001 µT, Bz = -115.6760 µT",,,,,,,"11:30:00.330 -> Bx = 84.3000 µT, By = 3666.3000 µT, Bz = -123.4200 µT",,,,,,,"11:30:54.917 -> Bx = 164.4000 µT, By = 3969.0002 µT, Bz = -109.8680 µT",,,,,,,"11:31:25.529 -> Bx = 242.7000 µT, By = 4047.6000 µT, Bz = -81.3120 µT",,,,,,,"11:32:00.250 -> Bx = 305.1000 µT, By = 3897.0002 µT, Bz = -40.6560 µT",,,,,,,"11:32:41.599 -> Bx = 325.2000 µT, By = 3742.5002 µT, Bz = -19.8440 µT",,,,,,,"11:33:33.280 -> Bx = 328.8000 µT, By = 3523.5002 µT, Bz = 0.4840 µT",,,,,,,"11:34:10.897 -> Bx = 318.9000 µT, By = 3028.2001 µT, Bz = 32.9120 µT"
,"11:11:19.087 -> Bx = -15.9000 µT, By = 756.3001 µT, Bz = 25.1680 µT",,,,,,,"11:17:32.014 -> Bx = -25.2000 µT, By = 193.5000 µT, Bz = 60.5000 µT",,,,,,,"11:18:05.094 -> Bx = -25.5000 µT, By = 276.9000 µT, Bz = 56.1440 µT",,,,,,,"11:18:47.660 -> Bx = -25.2000 µT, By = 399.9000 µT, Bz = 48.8840 µT",,,,,,,"11:19:33.146 -> Bx = -29.1000 µT, By = 599.7000 µT, Bz = 36.7840 µT",,,,,,,"11:20:33.492 -> Bx = -38.1000 µT, By = 919.8001 µT, Bz = 14.5200 µT",,,,,,,"11:21:11.935 -> Bx = -39.6000 µT, By = 1050.9000 µT, Bz = 6.7760 µT",,,,,,,"11:22:31.323 -> Bx = -38.4000 µT, By = 1105.5000 µT, Bz = 0.9680 µT",,,,,,"11:23:33.761 -> Bx = -41.4000 µT, By = 1137.3000 µT, Bz = -0.4840 µT",,,,,,"11:24:12.211 -> Bx = -44.7000 µT, By = 1209.0000 µT, Bz = -4.3560 µT",,,,,,,"11:24:53.520 -> Bx = -43.2000 µT, By = 1273.8000 µT, Bz = -8.7120 µT",,,,,,,"11:25:34.048 -> Bx = -47.4000 µT, By = 1414.2000 µT, Bz = -17.9080 µT",,,,,,,"11:27:24.450 -> Bx = -44.7000 µT, By = 1589.4000 µT, Bz = -29.5240 µT",,,,,,"11:26:13.747 -> Bx = -48.9000 µT, By = 1770.9000 µT, Bz = -41.6240 µT",,,,,,,"11:28:04.947 -> Bx = -39.9000 µT, By = 2209.2001 µT, Bz = -68.2440 µT",,,,,,,"11:28:45.084 -> Bx = -18.0000 µT, By = 2703.6000 µT, Bz = -94.3800 µT",,,,,,,"11:29:19.396 -> Bx = 21.3000 µT, By = 3210.3000 µT, Bz = -116.1600 µT",,,,,,,"11:30:00.722 -> Bx = 84.9000 µT, By = 3666.6000 µT, Bz = -123.4200 µT",,,,,,,"11:30:55.314 -> Bx = 164.4000 µT, By = 3969.0002 µT, Bz = -109.8680 µT",,,,,,,"11:31:25.910 -> Bx = 242.4000 µT, By = 4047.0002 µT, Bz = -81.3120 µT",,,,,,,"11:32:00.651 -> Bx = 305.7000 µT, By = 3896.1000 µT, Bz = -41.6240 µT",,,,,,,"11:32:41.997 -> Bx = 324.9000 µT, By = 3741.9001 µT, Bz = -20.8120 µT",,,,,,,"11:33:33.685 -> Bx = 328.8000 µT, By = 3524.1000 µT, Bz = 0.0000 µT",,,,,,,"11:34:11.319 -> Bx = 318.0000 µT, By = 3028.5000 µT, Bz = 33.3960 µT"
,"11:11:19.490 -> Bx = -16.2000 µT, By = 756.3001 µT, Bz = 25.6520 µT",,,,,,,"11:17:32.418 -> Bx = -25.8000 µT, By = 193.8000 µT, Bz = 60.9840 µT",,,,,,,"11:18:05.517 -> Bx = -25.5000 µT, By = 277.2000 µT, Bz = 56.1440 µT",,,,,,,"11:18:48.078 -> Bx = -25.8000 µT, By = 400.2000 µT, Bz = 48.8840 µT",,,,,,,"11:19:33.550 -> Bx = -28.8000 µT, By = 599.4000 µT, Bz = 35.8160 µT",,,,,,,"11:20:33.902 -> Bx = -37.8000 µT, By = 920.1000 µT, Bz = 13.5520 µT",,,,,,,"11:21:12.349 -> Bx = -39.9000 µT, By = 1050.3000 µT, Bz = 7.2600 µT",,,,,,,"11:22:31.721 -> Bx = -38.7000 µT, By = 1105.2000 µT, Bz = 0.9680 µT",,,,,,"11:23:34.162 -> Bx = -41.1000 µT, By = 1137.3000 µT, Bz = 0.9680 µT",,,,,,"11:24:12.592 -> Bx = -44.1000 µT, By = 1209.0000 µT, Bz = -3.8720 µT",,,,,,,"11:24:53.935 -> Bx = -43.5000 µT, By = 1273.8000 µT, Bz = -8.2280 µT",,,,,,,"11:25:34.482 -> Bx = -46.8000 µT, By = 1413.9000 µT, Bz = -17.9080 µT",,,,,,,"11:27:24.863 -> Bx = -45.0000 µT, By = 1589.7000 µT, Bz = -30.0080 µT",,,,,,"11:26:14.150 -> Bx = -49.2000 µT, By = 1770.3000 µT, Bz = -41.6240 µT",,,,,,,"11:28:05.365 -> Bx = -32.4000 µT, By = 2209.5000 µT, Bz = -68.7280 µT",,,,,,,"11:28:45.482 -> Bx = -18.6000 µT, By = 2703.6000 µT, Bz = -94.8640 µT",,,,,,,"11:29:19.793 -> Bx = 21.6000 µT, By = 3210.9001 µT, Bz = -116.1600 µT",,,,,,,"11:30:01.165 -> Bx = 84.3000 µT, By = 3666.3000 µT, Bz = -124.3880 µT",,,,,,,"11:30:55.720 -> Bx = 164.4000 µT, By = 3969.3000 µT, Bz = -109.8680 µT",,,,,,,"11:31:26.326 -> Bx = 242.1000 µT, By = 4047.3000 µT, Bz = -80.8280 µT",,,,,,,"11:32:01.083 -> Bx = 305.7000 µT, By = 3897.6000 µT, Bz = -40.6560 µT",,,,,,,"11:32:42.416 -> Bx = 324.6000 µT, By = 3742.2001 µT, Bz = -19.8440 µT",,,,,,,"11:33:34.096 -> Bx = 329.4000 µT, By = 3524.4001 µT, Bz = 0.0000 µT",,,,,,,"11:34:11.715 -> Bx = 318.6000 µT, By = 3027.3000 µT, Bz = 33.8800 µT"
,"11:11:19.924 -> Bx = -16.2000 µT, By = 756.3001 µT, Bz = 25.6520 µT",,,,,,,"11:17:32.837 -> Bx = -24.9000 µT, By = 193.8000 µT, Bz = 60.0160 µT",,,,,,,"11:18:05.907 -> Bx = -24.9000 µT, By = 276.9000 µT, Bz = 56.1440 µT",,,,,,,"11:18:48.505 -> Bx = -25.8000 µT, By = 400.2000 µT, Bz = 49.3680 µT",,,,,,,"11:19:33.978 -> Bx = -29.1000 µT, By = 599.4000 µT, Bz = 35.8160 µT",,,,,,,"11:20:34.328 -> Bx = -38.1000 µT, By = 919.8001 µT, Bz = 14.5200 µT",,,,,,,"11:21:12.778 -> Bx = -39.6000 µT, By = 1050.0000 µT, Bz = 6.2920 µT",,,,,,,"11:22:32.138 -> Bx = -38.4000 µT, By = 1105.2000 µT, Bz = 1.4520 µT",,,,,,"11:23:34.565 -> Bx = -40.8000 µT, By = 1137.0000 µT, Bz = 0.9680 µT",,,,,,"11:24:13.030 -> Bx = -43.8000 µT, By = 1209.0000 µT, Bz = -4.3560 µT",,,,,,,"11:24:54.352 -> Bx = -42.9000 µT, By = 1273.5000 µT, Bz = -8.7120 µT",,,,,,,"11:25:34.866 -> Bx = -47.4000 µT, By = 1414.2000 µT, Bz = -18.3920 µT",,,,,,,"11:27:25.282 -> Bx = -44.4000 µT, By = 1589.7000 µT, Bz = -29.5240 µT",,,,,,"11:26:14.584 -> Bx = -50.7000 µT, By = 1770.9000 µT, Bz = -42.5920 µT",,,,,,,"11:28:05.795 -> Bx = -40.5000 µT, By = 2210.4001 µT, Bz = -68.2440 µT",,,,,,,"11:28:45.914 -> Bx = -18.6000 µT, By = 2702.7001 µT, Bz = -94.8640 µT",,,,,,,"11:29:20.224 -> Bx = 21.3000 µT, By = 3210.3000 µT, Bz = -116.1600 µT",,,,,,,"11:30:01.566 -> Bx = 83.1000 µT, By = 3666.3000 µT, Bz = -124.3880 µT",,,,,,,"11:30:56.167 -> Bx = 164.4000 µT, By = 3968.7001 µT, Bz = -110.3520 µT",,,,,,,"11:31:26.749 -> Bx = 242.4000 µT, By = 4046.1000 µT, Bz = -81.7960 µT",,,,,,,"11:32:01.486 -> Bx = 301.5000 µT, By = 3896.4001 µT, Bz = -41.1400 µT",,,,,,,"11:32:42.848 -> Bx = 324.0000 µT, By = 3740.1000 µT, Bz = -20.3280 µT",,,,,,,"11:33:34.532 -> Bx = 329.4000 µT, By = 3523.5002 µT, Bz = 0.0000 µT",,,,,,,"11:34:12.130 -> Bx = 319.2000 µT, By = 3028.2001 µT, Bz = 32.9120 µT"
,"11:11:20.337 -> Bx = -16.5000 µT, By = 756.3001 µT, Bz = 26.1360 µT",,,,,,,"11:17:33.246 -> Bx = -25.2000 µT, By = 193.8000 µT, Bz = 60.0160 µT",,,,,,,"11:18:06.321 -> Bx = -25.5000 µT, By = 277.2000 µT, Bz = 56.6280 µT",,,,,,,"11:18:48.903 -> Bx = -25.2000 µT, By = 399.9000 µT, Bz = 48.8840 µT",,,,,,,"11:19:34.397 -> Bx = -28.8000 µT, By = 599.7000 µT, Bz = 36.3000 µT",,,,,,,"11:20:34.728 -> Bx = -38.1000 µT, By = 919.2000 µT, Bz = 14.0360 µT",,,,,,,"11:21:13.206 -> Bx = -39.3000 µT, By = 1050.3000 µT, Bz = 6.2920 µT",,,,,,,"11:22:32.560 -> Bx = -38.4000 µT, By = 1104.9000 µT, Bz = 1.9360 µT",,,,,,"11:23:34.977 -> Bx = -40.5000 µT, By = 1137.3000 µT, Bz = 1.4520 µT",,,,,,"11:24:13.427 -> Bx = -44.1000 µT, By = 1208.7000 µT, Bz = -3.8720 µT",,,,,,,"11:24:54.781 -> Bx = -43.5000 µT, By = 1273.5000 µT, Bz = -8.2280 µT",,,,,,,"11:25:35.281 -> Bx = -46.8000 µT, By = 1413.9000 µT, Bz = -17.9080 µT",,,,,,,"11:27:25.671 -> Bx = -44.4000 µT, By = 1589.7000 µT, Bz = -30.4920 µT",,,,,,"11:26:14.975 -> Bx = -49.8000 µT, By = 1770.6000 µT, Bz = -42.5920 µT",,,,,,,"11:28:06.214 -> Bx = -37.2000 µT, By = 2209.8000 µT, Bz = -67.7600 µT",,,,,,,"11:28:46.315 -> Bx = -17.7000 µT, By = 2703.9001 µT, Bz = -94.3800 µT",,,,,,,"11:29:20.642 -> Bx = 21.0000 µT, By = 3210.3000 µT, Bz = -116.6440 µT",,,,,,,"11:30:01.996 -> Bx = 84.9000 µT, By = 3666.6000 µT, Bz = -123.9040 µT",,,,,,,"11:30:56.550 -> Bx = 164.1000 µT, By = 3969.3000 µT, Bz = -109.3840 µT",,,,,,,"11:31:27.168 -> Bx = 242.4000 µT, By = 4045.8000 µT, Bz = -81.3120 µT",,,,,,,"11:32:01.917 -> Bx = 305.1000 µT, By = 3896.1000 µT, Bz = -40.6560 µT",,,,,,,"11:32:43.247 -> Bx = 324.6000 µT, By = 3741.6000 µT, Bz = -20.8120 µT",,,,,,,"11:33:34.932 -> Bx = 328.8000 µT, By = 3524.4001 µT, Bz = 0.9680 µT",,,,,,,"11:34:12.551 -> Bx = 318.6000 µT, By = 3027.6000 µT, Bz = 32.9120 µT"
,"11:11:20.735 -> Bx = -15.9000 µT, By = 756.0000 µT, Bz = 25.6520 µT",,,,,,,"11:17:33.688 -> Bx = -25.2000 µT, By = 193.5000 µT, Bz = 60.0160 µT",,,,,,,"11:18:06.733 -> Bx = -25.5000 µT, By = 276.9000 µT, Bz = 56.1440 µT",,,,,,,"11:18:49.321 -> Bx = -26.1000 µT, By = 399.9000 µT, Bz = 48.8840 µT",,,,,,,"11:19:34.793 -> Bx = -29.1000 µT, By = 599.1000 µT, Bz = 35.8160 µT",,,,,,,"11:20:35.169 -> Bx = -37.5000 µT, By = 919.5001 µT, Bz = 14.5200 µT",,,,,,,"11:21:13.602 -> Bx = -39.9000 µT, By = 1050.0000 µT, Bz = 6.2920 µT",,,,,,,,,,,,,"11:23:35.389 -> Bx = -41.4000 µT, By = 1137.9000 µT, Bz = 0.9680 µT",,,,,,"11:24:13.855 -> Bx = -44.1000 µT, By = 1208.7000 µT, Bz = -4.8400 µT",,,,,,,"11:24:55.180 -> Bx = -43.5000 µT, By = 1273.2000 µT, Bz = -8.7120 µT",,,,,,,"11:25:35.692 -> Bx = -46.2000 µT, By = 1413.9000 µT, Bz = -17.9080 µT",,,,,,,"11:27:26.106 -> Bx = -45.0000 µT, By = 1589.1000 µT, Bz = -30.0080 µT",,,,,,"11:26:15.410 -> Bx = -49.2000 µT, By = 1770.6000 µT, Bz = -42.1080 µT",,,,,,,"11:28:06.615 -> Bx = -36.6000 µT, By = 2209.5000 µT, Bz = -68.7280 µT",,,,,,,"11:28:46.708 -> Bx = -17.7000 µT, By = 2703.6000 µT, Bz = -93.8960 µT",,,,,,,"11:29:21.060 -> Bx = 21.0000 µT, By = 3209.7001 µT, Bz = -116.1600 µT",,,,,,,"11:30:02.399 -> Bx = 84.9000 µT, By = 3666.6000 µT, Bz = -124.8720 µT",,,,,,,"11:30:56.966 -> Bx = 164.4000 µT, By = 3968.4001 µT, Bz = -109.3840 µT",,,,,,,"11:31:27.566 -> Bx = 241.8000 µT, By = 4044.9001 µT, Bz = -81.3120 µT",,,,,,,,,,,,,,"11:32:43.668 -> Bx = 323.4000 µT, By = 3741.0002 µT, Bz = -20.3280 µT",,,,,,,"11:33:35.348 -> Bx = 328.5000 µT, By = 3523.2001 µT, Bz = 1.4520 µT",,,,,,,"11:34:12.957 -> Bx = 318.0000 µT, By = 3027.3000 µT, Bz = 33.8800 µT"
,"11:11:21.172 -> Bx = -15.9000 µT, By = 756.6000 µT, Bz = 25.6520 µT",,,,,,,"11:17:34.090 -> Bx = -25.2000 µT, By = 193.2000 µT, Bz = 59.0480 µT",,,,,,,"11:18:07.171 -> Bx = -25.2000 µT, By = 276.9000 µT, Bz = 55.6600 µT",,,,,,,"11:18:49.755 -> Bx = -26.1000 µT, By = 400.2000 µT, Bz = 48.4000 µT",,,,,,,"11:19:35.214 -> Bx = -28.5000 µT, By = 599.1000 µT, Bz = 35.8160 µT",,,,,,,"11:20:35.570 -> Bx = -38.7000 µT, By = 919.8001 µT, Bz = 14.0360 µT",,,,,,,"11:21:14.008 -> Bx = -40.2000 µT, By = 1050.0000 µT, Bz = 7.2600 µT",,,,,,,,,,,,,"11:23:35.807 -> Bx = -41.1000 µT, By = 1137.6000 µT, Bz = 1.4520 µT",,,,,,"11:24:14.251 -> Bx = -43.2000 µT, By = 1209.0000 µT, Bz = -4.3560 µT",,,,,,,"11:24:55.598 -> Bx = -43.5000 µT, By = 1273.2000 µT, Bz = -8.7120 µT",,,,,,,"11:25:36.104 -> Bx = -42.6000 µT, By = 1412.4000 µT, Bz = -17.9080 µT",,,,,,,"11:27:26.497 -> Bx = -45.9000 µT, By = 1589.1000 µT, Bz = -29.5240 µT",,,,,,"11:26:15.812 -> Bx = -49.8000 µT, By = 1770.6000 µT, Bz = -42.1080 µT",,,,,,,"11:28:07.016 -> Bx = -37.5000 µT, By = 2210.1000 µT, Bz = -69.2120 µT",,,,,,,"11:28:47.130 -> Bx = -17.7000 µT, By = 2703.0000 µT, Bz = -94.3800 µT",,,,,,,"11:29:21.471 -> Bx = 21.0000 µT, By = 3209.4001 µT, Bz = -115.6760 µT",,,,,,,"11:30:02.814 -> Bx = 83.4000 µT, By = 3665.7001 µT, Bz = -123.4200 µT",,,,,,,"11:30:57.381 -> Bx = 164.1000 µT, By = 3968.4001 µT, Bz = -109.8680 µT",,,,,,,"11:31:27.999 -> Bx = 242.4000 µT, By = 4046.1000 µT, Bz = -81.7960 µT",,,,,,,,,,,,,,"11:32:44.066 -> Bx = 324.0000 µT, By = 3741.0002 µT, Bz = -19.8440 µT",,,,,,,"11:33:35.743 -> Bx = 329.4000 µT, By = 3523.5002 µT, Bz = 1.9360 µT",,,,,,,"11:34:13.402 -> Bx = 315.3000 µT, By = 3026.4001 µT, Bz = 33.3960 µT"
,"11:11:21.563 -> Bx = -15.9000 µT, By = 756.3001 µT, Bz = 26.6200 µT",,,,,,,,,,,,,,"11:18:07.585 -> Bx = -25.5000 µT, By = 276.9000 µT, Bz = 56.1440 µT",,,,,,,"11:18:50.165 -> Bx = -25.8000 µT, By = 400.2000 µT, Bz = 47.4320 µT",,,,,,,"11:19:35.615 -> Bx = -28.8000 µT, By = 598.8001 µT, Bz = 35.3320 µT",,,,,,,"11:20:35.989 -> Bx = -38.1000 µT, By = 920.1000 µT, Bz = 14.5200 µT",,,,,,,"11:21:14.438 -> Bx = -39.6000 µT, By = 1050.0000 µT, Bz = 6.7760 µT",,,,,,,,,,,,,"11:23:36.223 -> Bx = -41.4000 µT, By = 1137.3000 µT, Bz = 1.9360 µT",,,,,,"11:24:14.690 -> Bx = -43.8000 µT, By = 1208.1000 µT, Bz = -4.3560 µT",,,,,,,"11:24:56.014 -> Bx = -42.6000 µT, By = 1273.5000 µT, Bz = -8.2280 µT",,,,,,,"11:25:36.530 -> Bx = -45.9000 µT, By = 1414.2000 µT, Bz = -18.3920 µT",,,,,,,"11:27:26.928 -> Bx = -44.4000 µT, By = 1589.4000 µT, Bz = -29.5240 µT",,,,,,"11:26:16.245 -> Bx = -49.8000 µT, By = 1770.0001 µT, Bz = -42.1080 µT",,,,,,,"11:28:07.441 -> Bx = -38.1000 µT, By = 2209.8000 µT, Bz = -68.7280 µT",,,,,,,"11:28:47.535 -> Bx = -18.3000 µT, By = 2703.3000 µT, Bz = -94.3800 µT",,,,,,,"11:29:21.883 -> Bx = 20.7000 µT, By = 3210.0002 µT, Bz = -115.6760 µT",,,,,,,"11:30:03.230 -> Bx = 84.0000 µT, By = 3666.0002 µT, Bz = -123.4200 µT",,,,,,,"11:30:57.789 -> Bx = 163.8000 µT, By = 3968.4001 µT, Bz = -109.3840 µT",,,,,,,"11:31:28.402 -> Bx = 242.4000 µT, By = 4046.1000 µT, Bz = -81.3120 µT",,,,,,,,,,,,,,"11:32:44.499 -> Bx = 324.6000 µT, By = 3741.6000 µT, Bz = -20.8120 µT",,,,,,,"11:33:36.159 -> Bx = 329.1000 µT, By = 3523.8000 µT, Bz = 1.4520 µT",,,,,,,"11:34:13.808 -> Bx = 318.3000 µT, By = 3028.2001 µT, Bz = 34.3640 µT"
,,,,,,,,,,,,,,,"11:18:08.004 -> Bx = -25.5000 µT, By = 277.2000 µT, Bz = 56.1440 µT",,,,,,,"11:18:50.554 -> Bx = -25.5000 µT, By = 400.5000 µT, Bz = 48.4000 µT",,,,,,,"11:19:36.029 -> Bx = -28.8000 µT, By = 599.4000 µT, Bz = 35.8160 µT",,,,,,,"11:20:36.392 -> Bx = -37.8000 µT, By = 920.1000 µT, Bz = 14.5200 µT",,,,,,,"11:21:14.839 -> Bx = -39.3000 µT, By = 1050.6000 µT, Bz = 6.7760 µT",,,,,,,,,,,,,"11:23:36.638 -> Bx = -41.1000 µT, By = 1137.6000 µT, Bz = 0.4840 µT",,,,,,"11:24:15.090 -> Bx = -43.8000 µT, By = 1208.4000 µT, Bz = -4.8400 µT",,,,,,,"11:24:56.416 -> Bx = -43.5000 µT, By = 1273.5000 µT, Bz = -8.7120 µT",,,,,,,"11:25:36.927 -> Bx = -46.2000 µT, By = 1413.3000 µT, Bz = -17.4240 µT",,,,,,,"11:27:27.343 -> Bx = -44.7000 µT, By = 1589.1000 µT, Bz = -29.5240 µT",,,,,,"11:26:16.619 -> Bx = -50.1000 µT, By = 1770.3000 µT, Bz = -42.5920 µT",,,,,,,"11:28:07.845 -> Bx = -38.7000 µT, By = 2209.5000 µT, Bz = -68.2440 µT",,,,,,,"11:28:47.982 -> Bx = -18.3000 µT, By = 2703.6000 µT, Bz = -94.8640 µT",,,,,,,"11:29:22.270 -> Bx = 21.0000 µT, By = 3210.0002 µT, Bz = -115.1920 µT",,,,,,,"11:30:03.631 -> Bx = 84.0000 µT, By = 3665.1000 µT, Bz = -123.4200 µT",,,,,,,"11:30:58.214 -> Bx = 164.1000 µT, By = 3968.4001 µT, Bz = -109.3840 µT",,,,,,,"11:31:28.815 -> Bx = 242.1000 µT, By = 4046.4001 µT, Bz = -81.3120 µT",,,,,,,,,,,,,,"11:32:44.885 -> Bx = 325.5000 µT, By = 3741.9001 µT, Bz = -19.8440 µT",,,,,,,"11:33:36.592 -> Bx = 329.1000 µT, By = 3522.9001 µT, Bz = 1.4520 µT",,,,,,,"11:34:14.223 -> Bx = 317.4000 µT, By = 3028.2001 µT, Bz = 34.3640 µT"
,,,,,,,,,,,,,,,"11:18:08.389 -> Bx = -25.2000 µT, By = 276.9000 µT, Bz = 55.1760 µT",,,,,,,"11:18:50.975 -> Bx = -25.8000 µT, By = 400.5000 µT, Bz = 48.8840 µT",,,,,,,"11:19:36.463 -> Bx = -28.8000 µT, By = 598.8001 µT, Bz = 36.7840 µT",,,,,,,"11:20:36.798 -> Bx = -37.5000 µT, By = 920.1000 µT, Bz = 14.5200 µT",,,,,,,"11:21:15.273 -> Bx = -38.7000 µT, By = 1050.6000 µT, Bz = 6.7760 µT",,,,,,,,,,,,,,,,,,,"11:24:15.514 -> Bx = -43.8000 µT, By = 1208.4000 µT, Bz = -4.3560 µT",,,,,,,"11:24:56.826 -> Bx = -42.9000 µT, By = 1273.2000 µT, Bz = -8.7120 µT",,,,,,,,,,,,,,"11:27:27.741 -> Bx = -44.1000 µT, By = 1589.1000 µT, Bz = -30.0080 µT",,,,,,"11:26:17.060 -> Bx = -49.5000 µT, By = 1769.7000 µT, Bz = -42.5920 µT",,,,,,,"11:28:08.279 -> Bx = -38.1000 µT, By = 2209.2001 µT, Bz = -68.2440 µT",,,,,,,"11:28:48.367 -> Bx = -18.6000 µT, By = 2702.7001 µT, Bz = -94.8640 µT",,,,,,,"11:29:22.689 -> Bx = 21.0000 µT, By = 3210.3000 µT, Bz = -115.6760 µT",,,,,,,"11:30:04.049 -> Bx = 84.0000 µT, By = 3664.8000 µT, Bz = -123.9040 µT",,,,,,,"11:30:58.633 -> Bx = 164.4000 µT, By = 3968.7001 µT, Bz = -109.8680 µT",,,,,,,"11:31:29.225 -> Bx = 242.1000 µT, By = 4040.7001 µT, Bz = -81.7960 µT",,,,,,,,,,,,,,"11:32:45.326 -> Bx = 324.0000 µT, By = 3742.2001 µT, Bz = -20.3280 µT",,,,,,,"11:33:36.993 -> Bx = 327.9000 µT, By = 3524.7001 µT, Bz = 0.9680 µT",,,,,,,"11:34:14.619 -> Bx = 318.9000 µT, By = 3028.2001 µT, Bz = 33.8800 µT"
,,,,,,,,,,,,,,,"11:18:08.818 -> Bx = -24.9000 µT, By = 276.3000 µT, Bz = 56.1440 µT",,,,,,,"11:18:51.401 -> Bx = -26.1000 µT, By = 400.5000 µT, Bz = 48.8840 µT",,,,,,,"11:19:36.860 -> Bx = -28.8000 µT, By = 599.1000 µT, Bz = 35.8160 µT",,,,,,,"11:20:37.232 -> Bx = -38.4000 µT, By = 919.5001 µT, Bz = 14.0360 µT",,,,,,,"11:21:15.673 -> Bx = -38.7000 µT, By = 1050.3000 µT, Bz = 6.7760 µT",,,,,,,,,,,,,,,,,,,"11:24:15.907 -> Bx = -44.1000 µT, By = 1207.8000 µT, Bz = -4.3560 µT",,,,,,,"11:24:57.248 -> Bx = -43.5000 µT, By = 1273.5000 µT, Bz = -9.1960 µT",,,,,,,,,,,,,,,,,,,,,,,,,,,"11:28:08.671 -> Bx = -38.1000 µT, By = 2209.5000 µT, Bz = -68.7280 µT",,,,,,,"11:28:48.780 -> Bx = -18.3000 µT, By = 2703.6000 µT, Bz = -94.8640 µT",,,,,,,"11:29:23.111 -> Bx = 21.0000 µT, By = 3210.0002 µT, Bz = -115.6760 µT",,,,,,,"11:30:04.466 -> Bx = 83.4000 µT, By = 3665.7001 µT, Bz = -123.4200 µT",,,,,,,"11:30:59.051 -> Bx = 164.1000 µT, By = 3968.4001 µT, Bz = -109.3840 µT",,,,,,,"11:31:29.642 -> Bx = 242.1000 µT, By = 4047.3000 µT, Bz = -82.2800 µT",,,,,,,,,,,,,,"11:32:45.739 -> Bx = 324.9000 µT, By = 3741.0002 µT, Bz = -20.8120 µT",,,,,,,,,,,,,,"11:34:15.025 -> Bx = 318.0000 µT, By = 3027.6000 µT, Bz = 33.3960 µT"
,,,,,,,,,,,,,,,"11:18:09.212 -> Bx = -25.5000 µT, By = 276.9000 µT, Bz = 55.1760 µT",,,,,,,"11:18:51.823 -> Bx = -26.1000 µT, By = 399.6000 µT, Bz = 48.8840 µT",,,,,,,"11:19:37.298 -> Bx = -28.8000 µT, By = 599.4000 µT, Bz = 35.8160 µT",,,,,,,,,,,,,,,,,,,,,,,,,,,,,,,,,"11:24:16.340 -> Bx = -43.5000 µT, By = 1208.4000 µT, Bz = -4.3560 µT",,,,,,,"11:24:57.681 -> Bx = -43.8000 µT, By = 1272.9000 µT, Bz = -9.1960 µT",,,,,,,,,,,,,,,,,,,,,,,,,,,"11:28:09.097 -> Bx = -38.4000 µT, By = 2209.2001 µT, Bz = -68.7280 µT",,,,,,,"11:28:49.200 -> Bx = -18.0000 µT, By = 2703.3000 µT, Bz = -94.3800 µT",,,,,,,"11:29:23.542 -> Bx = 21.3000 µT, By = 3209.7001 µT, Bz = -114.7080 µT",,,,,,,"11:30:04.864 -> Bx = 84.0000 µT, By = 3665.1000 µT, Bz = -123.9040 µT",,,,,,,"11:30:59.464 -> Bx = 164.1000 µT, By = 3969.3000 µT, Bz = -109.8680 µT",,,,,,,"11:31:30.059 -> Bx = 242.7000 µT, By = 4046.1000 µT, Bz = -81.3120 µT",,,,,,,,,,,,,,"11:32:46.126 -> Bx = 324.9000 µT, By = 3741.9001 µT, Bz = -19.8440 µT",,,,,,,,,,,,,,"11:34:15.438 -> Bx = 318.3000 µT, By = 3027.6000 µT, Bz = 33.3960 µT"
,,,,,,,,,,,,,,,"11:18:09.641 -> Bx = -25.2000 µT, By = 276.9000 µT, Bz = 56.1440 µT",,,,,,,,,,,,,,"11:19:37.678 -> Bx = -28.8000 µT, By = 599.1000 µT, Bz = 35.8160 µT",,,,,,,,,,,,,,,,,,,,,,,,,,,,,,,,,"11:24:16.727 -> Bx = -44.1000 µT, By = 1208.4000 µT, Bz = -5.3240 µT",,,,,,,"11:24:58.070 -> Bx = -43.2000 µT, By = 1273.2000 µT, Bz = -9.1960 µT",,,,,,,,,,,,,,,,,,,,,,,,,,,"11:28:09.514 -> Bx = -38.1000 µT, By = 2209.8000 µT, Bz = -68.7280 µT",,,,,,,"11:28:49.617 -> Bx = -18.9000 µT, By = 2702.4001 µT, Bz = -94.3800 µT",,,,,,,"11:29:23.942 -> Bx = 20.7000 µT, By = 3209.7001 µT, Bz = -115.1920 µT",,,,,,,"11:30:05.283 -> Bx = 83.4000 µT, By = 3665.7001 µT, Bz = -123.9040 µT",,,,,,,"11:30:59.862 -> Bx = 164.7000 µT, By = 3968.7001 µT, Bz = -109.3840 µT",,,,,,,"11:31:30.491 -> Bx = 242.1000 µT, By = 4045.5002 µT, Bz = -81.7960 µT",,,,,,,,,,,,,,,,,,,,,,,,,,,,"11:34:15.878 -> Bx = 318.0000 µT, By = 3028.2001 µT, Bz = 33.8800 µT"
,,,,,,,,,,,,,,,"11:18:10.055 -> Bx = -25.2000 µT, By = 276.9000 µT, Bz = 55.6600 µT",,,,,,,,,,,,,,,,,,,,,,,,,,,,,,,,,,,,,,,,,,,,,,,,,,,,,,"11:24:58.479 -> Bx = -43.5000 µT, By = 1273.5000 µT, Bz = -9.1960 µT",,,,,,,,,,,,,,,,,,,,,,,,,,,"11:28:09.913 -> Bx = -38.4000 µT, By = 2209.5000 µT, Bz = -68.7280 µT",,,,,,,"11:28:50.015 -> Bx = -18.0000 µT, By = 2703.3000 µT, Bz = -95.3480 µT",,,,,,,,,,,,,,"11:30:05.713 -> Bx = 83.7000 µT, By = 3665.7001 µT, Bz = -123.4200 µT",,,,,,,"11:31:00.284 -> Bx = 163.2000 µT, By = 3969.9001 µT, Bz = -109.8680 µT",,,,,,,"11:31:30.893 -> Bx = 242.7000 µT, By = 4045.5002 µT, Bz = -81.7960 µT",,,,,,,,,,,,,,,,,,,,,,,,,,,,"11:34:16.283 -> Bx = 318.6000 µT, By = 3027.9001 µT, Bz = 33.8800 µT"
,,,,,,,,,,,,,,,"11:18:10.470 -> Bx = -24.9000 µT, By = 276.3000 µT, Bz = 56.1440 µT",,,,,,,,,,,,,,,,,,,,,,,,,,,,,,,,,,,,,,,,,,,,,,,,,,,,,,"11:24:58.926 -> Bx = -43.5000 µT, By = 1273.2000 µT, Bz = -8.7120 µT",,,,,,,,,,,,,,,,,,,,,,,,,,,,,,,,,,,,,,,,,,,,,,,,"11:30:06.098 -> Bx = 83.4000 µT, By = 3664.5002 µT, Bz = -123.9040 µT",,,,,,,"11:31:00.713 -> Bx = 164.1000 µT, By = 3969.0002 µT, Bz = -109.8680 µT",,,,,,,"11:31:31.310 -> Bx = 243.0000 µT, By = 4046.1000 µT, Bz = -81.7960 µT",,,,,,,,,,,,,,,,,,,,,,,,,,,,"11:34:16.699 -> Bx = 318.6000 µT, By = 3027.6000 µT, Bz = 34.3640 µT"
,,,,,,,,,,,,,,,"11:18:10.876 -> Bx = -25.5000 µT, By = 276.9000 µT, Bz = 55.6600 µT",,,,,,,,,,,,,,,,,,,,,,,,,,,,,,,,,,,,,,,,,,,,,,,,,,,,,,,,,,,,,,,,,,,,,,,,,,,,,,,,,,,,,,,,,,,,,,,,,,,,,,"11:30:06.532 -> Bx = 84.3000 µT, By = 3665.1000 µT, Bz = -123.4200 µT",,,,,,,,,,,,,,"11:31:31.713 -> Bx = 242.4000 µT, By = 4045.5002 µT, Bz = -81.3120 µT",,,,,,,,,,,,,,,,,,,,,,,,,,,,
,,,,,,,,,,,,,,,,,,,,,,,,,,,,,,,,,,,,,,,,,,,,,,,,,,,,,,,,,,,,,,,,,,,,,,,,,,,,,,,,,,,,,,,,,,,,,,,,,,,,,,,,,,,,,,,,,,,,,"11:30:06.931 -> Bx = 83.4000 µT, By = 3664.5002 µT, Bz = -123.4200 µT",,,,,,,,,,,,,,,,,,,,,,,,,,,,,,,,,,,,,,,,,,
