A=1.5A,x=80cm,,,,,,x=77cm,,,,,,,x=75cm,,,,,,,x=73cm,,,,,,,x=71cm,,,,,,,x=70.5cm,,,,,,,x=70cm,,,,,,,x=69.5cm,,,,,,,x=69cm,,,,,,,x=68.5cm,,,,,,x=68,,,,,,x=67.5cm,,,,,,,x=67cm,,,,,,,x=66.5cm,,,,,,,x=66cm,,,,,,,x=65.5cm,,,,,,,x=65cm,,,,,,,x=64.5cm,,,,,,x=64,,,,,,x=63.5,,,,,,x=63,,,,,,x=62.5,,,,,,x=62,,,,,,x=61.5,,,,,,x=61,,,,,,x=60.5,,,,,,x=60,,,,,,x=59,,,,,,x=58,,,,,,x=57,,,,,,x=54
,"11:41:59.696 -> Bx = 2.1000 µT, By = 321.9000 µT, Bz = 50.3360 µT",,,,,,"11:42:38.141 -> Bx = 25.5000 µT, By = 593.7000 µT, Bz = 32.4280 µT",,,,,,,"11:43:09.981 -> Bx = 51.6000 µT, By = 924.3001 µT, Bz = 12.1000 µT",,,,,,,"11:43:40.996 -> Bx = 84.0000 µT, By = 1413.9000 µT, Bz = -16.4560 µT",,,,,,,"11:44:49.220 -> Bx = 118.2000 µT, By = 2115.9001 µT, Bz = -50.8200 µT",,,,,,,"11:45:33.026 -> Bx = 139.8000 µT, By = 2301.3000 µT, Bz = -58.5640 µT",,,,,,,"11:45:58.258 -> Bx = 147.6000 µT, By = 2480.7001 µT, Bz = -62.4360 µT",,,,,,,"11:46:26.785 -> Bx = 157.8000 µT, By = 2672.1000 µT, Bz = -64.8560 µT",,,,,,,"11:46:54.908 -> Bx = 167.1000 µT, By = 2850.9001 µT, Bz = -65.3400 µT",,,,,,,"11:47:47.000 -> Bx = 178.5000 µT, By = 3001.5000 µT, Bz = -63.8880 µT",,,,,,"11:48:18.846 -> Bx = 186.3000 µT, By = 3149.7001 µT, Bz = -55.6600 µT",,,,,,"11:48:42.419 -> Bx = 192.3000 µT, By = 3259.8000 µT, Bz = -45.0120 µT",,,,,,,"11:50:31.579 -> Bx = 200.7000 µT, By = 3349.5002 µT, Bz = -42.5920 µT",,,,,,,"11:51:20.778 -> Bx = 215.4000 µT, By = 3405.0002 µT, Bz = -34.8480 µT",,,,,,,"11:51:55.512 -> Bx = 228.9000 µT, By = 3444.6000 µT, Bz = -24.6840 µT",,,,,,,"11:52:24.046 -> Bx = 243.3000 µT, By = 3470.4001 µT, Bz = -10.6480 µT",,,,,,,"11:52:57.542 -> Bx = 252.6000 µT, By = 3471.0002 µT, Bz = 0.4840 µT",,,,,,,"11:53:26.894 -> Bx = 256.8000 µT, By = 3454.5002 µT, Bz = 13.5520 µT",,,,,,"11:54:02.870 -> Bx = 257.4000 µT, By = 3406.8000 µT, Bz = 30.0080 µT",,,,,,"11:55:03.245 -> Bx = 252.6000 µT, By = 3337.8000 µT, Bz = 45.4960 µT",,,,,,"11:55:32.603 -> Bx = 244.8000 µT, By = 3249.6000 µT, Bz = 56.6280 µT",,,,,,"11:56:06.098 -> Bx = 234.6000 µT, By = 3132.0002 µT, Bz = 71.6320 µT",,,,,,"11:56:45.791 -> Bx = 220.8000 µT, By = 2982.0000 µT, Bz = 81.3120 µT",,,,,,"11:57:14.746 -> Bx = 201.6000 µT, By = 2826.9001 µT, Bz = 88.5720 µT",,,,,,"11:57:37.474 -> Bx = 182.7000 µT, By = 2649.9001 µT, Bz = 94.3800 µT",,,,,,"11:58:08.511 -> Bx = 176.4000 µT, By = 2448.0000 µT, Bz = 99.2200 µT",,,,,,"11:58:34.561 -> Bx = 163.5000 µT, By = 2262.9001 µT, Bz = 100.6720 µT",,,,,,"11:58:58.115 -> Bx = 114.6000 µT, By = 1880.4000 µT, Bz = 94.8640 µT",,,,,,"11:59:24.179 -> Bx = 83.7000 µT, By = 1536.3000 µT, Bz = 89.5400 µT",,,,,,"11:59:49.813 -> Bx = 70.8000 µT, By = 1240.2000 µT, Bz = 84.2160 µT",,,,,,"12:00:15.857 -> Bx = 26.4000 µT, By = 646.5000 µT, Bz = 73.0840 µT"
,"11:42:00.110 -> Bx = 2.4000 µT, By = 322.8000 µT, Bz = 50.3360 µT",,,,,,"11:42:38.562 -> Bx = 25.5000 µT, By = 593.1000 µT, Bz = 32.9120 µT",,,,,,,"11:43:10.402 -> Bx = 52.2000 µT, By = 924.3001 µT, Bz = 12.1000 µT",,,,,,,"11:43:41.397 -> Bx = 84.6000 µT, By = 1413.6000 µT, Bz = -16.4560 µT",,,,,,,"11:44:49.605 -> Bx = 118.2000 µT, By = 2115.9001 µT, Bz = -51.3040 µT",,,,,,,"11:45:33.471 -> Bx = 140.7000 µT, By = 2301.0000 µT, Bz = -58.0800 µT",,,,,,,"11:45:58.677 -> Bx = 147.6000 µT, By = 2481.6000 µT, Bz = -61.9520 µT",,,,,,,"11:46:27.207 -> Bx = 157.8000 µT, By = 2672.7001 µT, Bz = -64.8560 µT",,,,,,,"11:46:55.332 -> Bx = 167.1000 µT, By = 2851.2001 µT, Bz = -65.8240 µT",,,,,,,"11:47:47.439 -> Bx = 178.2000 µT, By = 3000.3000 µT, Bz = -64.3720 µT",,,,,,"11:48:19.246 -> Bx = 186.0000 µT, By = 3148.8000 µT, Bz = -56.1440 µT",,,,,,"11:48:42.854 -> Bx = 193.5000 µT, By = 3259.2001 µT, Bz = -45.0120 µT",,,,,,,"11:50:31.995 -> Bx = 201.9000 µT, By = 3350.1000 µT, Bz = -43.0760 µT",,,,,,,"11:51:21.209 -> Bx = 215.4000 µT, By = 3404.1000 µT, Bz = -34.3640 µT",,,,,,,"11:51:55.942 -> Bx = 228.9000 µT, By = 3445.5002 µT, Bz = -24.6840 µT",,,,,,,"11:52:24.477 -> Bx = 243.0000 µT, By = 3471.3000 µT, Bz = -10.1640 µT",,,,,,,"11:52:57.963 -> Bx = 252.0000 µT, By = 3471.3000 µT, Bz = 1.4520 µT",,,,,,,"11:53:27.310 -> Bx = 256.8000 µT, By = 3454.2001 µT, Bz = 13.5520 µT",,,,,,"11:54:03.304 -> Bx = 257.7000 µT, By = 3407.1000 µT, Bz = 30.0080 µT",,,,,,"11:55:03.662 -> Bx = 252.6000 µT, By = 3338.1000 µT, Bz = 44.5280 µT",,,,,,"11:55:33.009 -> Bx = 242.7000 µT, By = 3250.5002 µT, Bz = 55.6600 µT",,,,,,"11:56:06.504 -> Bx = 234.3000 µT, By = 3132.3000 µT, Bz = 71.6320 µT",,,,,,"11:56:46.207 -> Bx = 220.8000 µT, By = 2986.8000 µT, Bz = 80.8280 µT",,,,,,"11:57:15.147 -> Bx = 201.6000 µT, By = 2826.6000 µT, Bz = 87.6040 µT",,,,,,"11:57:37.888 -> Bx = 182.7000 µT, By = 2649.6000 µT, Bz = 94.3800 µT",,,,,,"11:58:08.929 -> Bx = 174.9000 µT, By = 2448.6000 µT, Bz = 98.7360 µT",,,,,,"11:58:34.980 -> Bx = 162.9000 µT, By = 2262.9001 µT, Bz = 100.1880 µT",,,,,,"11:58:58.518 -> Bx = 116.1000 µT, By = 1880.1000 µT, Bz = 94.8640 µT",,,,,,"11:59:24.571 -> Bx = 84.0000 µT, By = 1536.9000 µT, Bz = 88.5720 µT",,,,,,"11:59:50.229 -> Bx = 70.5000 µT, By = 1240.2000 µT, Bz = 83.7320 µT",,,,,,"12:00:16.263 -> Bx = 26.7000 µT, By = 646.5000 µT, Bz = 73.0840 µT"
,"11:42:00.517 -> Bx = 2.1000 µT, By = 322.5000 µT, Bz = 49.8520 µT",,,,,,"11:42:38.955 -> Bx = 25.2000 µT, By = 593.7000 µT, Bz = 32.9120 µT",,,,,,,"11:43:10.793 -> Bx = 51.9000 µT, By = 924.0001 µT, Bz = 12.1000 µT",,,,,,,"11:43:41.792 -> Bx = 84.9000 µT, By = 1413.6000 µT, Bz = -16.4560 µT",,,,,,,"11:44:50.035 -> Bx = 118.5000 µT, By = 2116.5000 µT, Bz = -50.8200 µT",,,,,,,"11:45:33.852 -> Bx = 139.8000 µT, By = 2301.6000 µT, Bz = -58.5640 µT",,,,,,,"11:45:59.078 -> Bx = 147.3000 µT, By = 2481.3000 µT, Bz = -62.9200 µT",,,,,,,"11:46:27.616 -> Bx = 158.1000 µT, By = 2671.8000 µT, Bz = -63.8880 µT",,,,,,,"11:46:55.718 -> Bx = 167.4000 µT, By = 2850.9001 µT, Bz = -65.3400 µT",,,,,,,"11:47:47.820 -> Bx = 178.5000 µT, By = 2999.4001 µT, Bz = -63.8880 µT",,,,,,"11:48:19.668 -> Bx = 185.7000 µT, By = 3149.1000 µT, Bz = -55.6600 µT",,,,,,"11:48:43.252 -> Bx = 192.6000 µT, By = 3259.8000 µT, Bz = -45.9800 µT",,,,,,,"11:50:32.405 -> Bx = 201.9000 µT, By = 3350.7001 µT, Bz = -42.1080 µT",,,,,,,"11:51:21.633 -> Bx = 215.7000 µT, By = 3405.3000 µT, Bz = -34.3640 µT",,,,,,,"11:51:56.354 -> Bx = 229.2000 µT, By = 3446.1000 µT, Bz = -24.6840 µT",,,,,,,"11:52:24.898 -> Bx = 243.3000 µT, By = 3470.7001 µT, Bz = -10.1640 µT",,,,,,,"11:52:58.377 -> Bx = 251.7000 µT, By = 3470.4001 µT, Bz = 2.4200 µT",,,,,,,"11:53:27.742 -> Bx = 257.1000 µT, By = 3454.8000 µT, Bz = 13.5520 µT",,,,,,"11:54:03.692 -> Bx = 257.7000 µT, By = 3408.9001 µT, Bz = 30.0080 µT",,,,,,"11:55:04.085 -> Bx = 253.2000 µT, By = 3338.1000 µT, Bz = 45.4960 µT",,,,,,"11:55:33.426 -> Bx = 236.7000 µT, By = 3251.7001 µT, Bz = 57.5960 µT",,,,,,"11:56:06.932 -> Bx = 234.0000 µT, By = 3134.7001 µT, Bz = 70.6640 µT",,,,,,"11:56:46.626 -> Bx = 221.4000 µT, By = 2986.5000 µT, Bz = 80.8280 µT",,,,,,"11:57:15.558 -> Bx = 201.6000 µT, By = 2826.9001 µT, Bz = 88.0880 µT",,,,,,"11:57:38.335 -> Bx = 183.0000 µT, By = 2649.3000 µT, Bz = 94.8640 µT",,,,,,"11:58:09.335 -> Bx = 175.5000 µT, By = 2447.7001 µT, Bz = 99.2200 µT",,,,,,"11:58:35.372 -> Bx = 162.0000 µT, By = 2262.6000 µT, Bz = 100.6720 µT",,,,,,"11:58:58.932 -> Bx = 115.8000 µT, By = 1880.4000 µT, Bz = 94.3800 µT",,,,,,"11:59:24.991 -> Bx = 84.9000 µT, By = 1536.3000 µT, Bz = 89.5400 µT",,,,,,"11:59:50.631 -> Bx = 70.2000 µT, By = 1239.9000 µT, Bz = 84.2160 µT",,,,,,"12:00:16.697 -> Bx = 27.0000 µT, By = 646.5000 µT, Bz = 73.0840 µT"
,"11:42:00.950 -> Bx = 2.1000 µT, By = 322.8000 µT, Bz = 50.3360 µT",,,,,,"11:42:39.370 -> Bx = 25.2000 µT, By = 593.7000 µT, Bz = 32.4280 µT",,,,,,,"11:43:11.217 -> Bx = 52.2000 µT, By = 924.0001 µT, Bz = 12.1000 µT",,,,,,,"11:43:42.217 -> Bx = 84.3000 µT, By = 1413.3000 µT, Bz = -17.4240 µT",,,,,,,"11:44:50.434 -> Bx = 117.9000 µT, By = 2115.9001 µT, Bz = -51.3040 µT",,,,,,,"11:45:34.269 -> Bx = 139.5000 µT, By = 2301.6000 µT, Bz = -58.0800 µT",,,,,,,"11:45:59.486 -> Bx = 147.6000 µT, By = 2481.3000 µT, Bz = -61.9520 µT",,,,,,,"11:46:28.015 -> Bx = 158.1000 µT, By = 2673.0000 µT, Bz = -64.3720 µT",,,,,,,"11:46:56.157 -> Bx = 167.1000 µT, By = 2851.2001 µT, Bz = -65.8240 µT",,,,,,,"11:47:48.265 -> Bx = 179.7000 µT, By = 3001.2001 µT, Bz = -63.4040 µT",,,,,,"11:48:20.103 -> Bx = 185.4000 µT, By = 3149.1000 µT, Bz = -56.6280 µT",,,,,,"11:48:43.669 -> Bx = 193.2000 µT, By = 3260.1000 µT, Bz = -45.0120 µT",,,,,,,"11:50:32.835 -> Bx = 201.0000 µT, By = 3350.7001 µT, Bz = -42.5920 µT",,,,,,,"11:51:22.020 -> Bx = 215.4000 µT, By = 3405.0002 µT, Bz = -34.3640 µT",,,,,,,"11:51:56.772 -> Bx = 229.5000 µT, By = 3444.9001 µT, Bz = -24.2000 µT",,,,,,,"11:52:25.299 -> Bx = 242.7000 µT, By = 3471.0002 µT, Bz = -9.1960 µT",,,,,,,"11:52:58.784 -> Bx = 252.0000 µT, By = 3471.0002 µT, Bz = 1.4520 µT",,,,,,,"11:53:28.152 -> Bx = 256.5000 µT, By = 3454.2001 µT, Bz = 14.0360 µT",,,,,,"11:54:04.123 -> Bx = 257.7000 µT, By = 3407.7001 µT, Bz = 29.5240 µT",,,,,,"11:55:04.487 -> Bx = 252.9000 µT, By = 3338.1000 µT, Bz = 45.4960 µT",,,,,,"11:55:33.860 -> Bx = 243.9000 µT, By = 3251.1000 µT, Bz = 57.1120 µT",,,,,,"11:56:07.339 -> Bx = 232.8000 µT, By = 3133.8000 µT, Bz = 72.1160 µT",,,,,,"11:56:47.033 -> Bx = 221.4000 µT, By = 2985.9001 µT, Bz = 80.8280 µT",,,,,,"11:57:15.972 -> Bx = 201.9000 µT, By = 2827.2001 µT, Bz = 87.6040 µT",,,,,,"11:57:38.735 -> Bx = 182.4000 µT, By = 2649.3000 µT, Bz = 93.8960 µT",,,,,,"11:58:09.744 -> Bx = 175.5000 µT, By = 2447.1000 µT, Bz = 98.7360 µT",,,,,,"11:58:35.777 -> Bx = 163.8000 µT, By = 2263.2001 µT, Bz = 99.7040 µT",,,,,,"11:58:59.345 -> Bx = 115.8000 µT, By = 1879.8000 µT, Bz = 93.8960 µT",,,,,,"11:59:25.422 -> Bx = 83.4000 µT, By = 1536.6000 µT, Bz = 88.5720 µT",,,,,,"11:59:51.044 -> Bx = 70.2000 µT, By = 1240.2000 µT, Bz = 83.7320 µT",,,,,,"12:00:17.098 -> Bx = 26.7000 µT, By = 646.8001 µT, Bz = 73.5680 µT"
,"11:42:01.368 -> Bx = 2.1000 µT, By = 322.5000 µT, Bz = 50.3360 µT",,,,,,"11:42:39.801 -> Bx = 25.2000 µT, By = 593.1000 µT, Bz = 33.3960 µT",,,,,,,"11:43:11.618 -> Bx = 52.2000 µT, By = 924.9000 µT, Bz = 12.1000 µT",,,,,,,"11:43:42.620 -> Bx = 84.6000 µT, By = 1414.5000 µT, Bz = -16.9400 µT",,,,,,,"11:44:50.872 -> Bx = 118.5000 µT, By = 2115.9001 µT, Bz = -50.8200 µT",,,,,,,"11:45:34.687 -> Bx = 139.8000 µT, By = 2300.7001 µT, Bz = -57.5960 µT",,,,,,,"11:45:59.909 -> Bx = 147.3000 µT, By = 2481.3000 µT, Bz = -61.9520 µT",,,,,,,"11:46:28.453 -> Bx = 157.8000 µT, By = 2673.0000 µT, Bz = -64.8560 µT",,,,,,,"11:46:56.546 -> Bx = 167.4000 µT, By = 2851.5000 µT, Bz = -65.3400 µT",,,,,,,"11:47:48.668 -> Bx = 178.8000 µT, By = 3000.9001 µT, Bz = -63.8880 µT",,,,,,"11:48:20.500 -> Bx = 185.4000 µT, By = 3148.8000 µT, Bz = -56.6280 µT",,,,,,"11:48:44.068 -> Bx = 192.9000 µT, By = 3259.2001 µT, Bz = -45.9800 µT",,,,,,,"11:50:33.247 -> Bx = 201.9000 µT, By = 3349.8000 µT, Bz = -42.5920 µT",,,,,,,"11:51:22.454 -> Bx = 215.7000 µT, By = 3405.6000 µT, Bz = -33.8800 µT",,,,,,,"11:51:57.186 -> Bx = 228.9000 µT, By = 3445.8000 µT, Bz = -23.7160 µT",,,,,,,"11:52:25.725 -> Bx = 242.4000 µT, By = 3470.7001 µT, Bz = -10.1640 µT",,,,,,,"11:52:59.205 -> Bx = 252.9000 µT, By = 3470.7001 µT, Bz = 1.4520 µT",,,,,,,"11:53:28.550 -> Bx = 256.8000 µT, By = 3454.2001 µT, Bz = 14.0360 µT",,,,,,"11:54:04.539 -> Bx = 257.4000 µT, By = 3407.7001 µT, Bz = 29.0400 µT",,,,,,"11:55:04.902 -> Bx = 253.2000 µT, By = 3338.1000 µT, Bz = 44.5280 µT",,,,,,"11:55:34.263 -> Bx = 244.2000 µT, By = 3249.6000 µT, Bz = 57.1120 µT",,,,,,"11:56:07.744 -> Bx = 234.0000 µT, By = 3135.3000 µT, Bz = 71.6320 µT",,,,,,"11:56:47.440 -> Bx = 221.4000 µT, By = 2987.4001 µT, Bz = 81.3120 µT",,,,,,"11:57:16.390 -> Bx = 201.9000 µT, By = 2826.6000 µT, Bz = 88.0880 µT",,,,,,"11:57:39.130 -> Bx = 182.7000 µT, By = 2649.6000 µT, Bz = 94.3800 µT",,,,,,"11:58:10.159 -> Bx = 175.2000 µT, By = 2447.4001 µT, Bz = 99.2200 µT",,,,,,"11:58:36.200 -> Bx = 163.2000 µT, By = 2262.9001 µT, Bz = 100.6720 µT",,,,,,"11:58:59.769 -> Bx = 115.5000 µT, By = 1879.5001 µT, Bz = 92.4440 µT",,,,,,"11:59:25.835 -> Bx = 84.3000 µT, By = 1535.7000 µT, Bz = 89.0560 µT",,,,,,"11:59:51.475 -> Bx = 70.2000 µT, By = 1240.2000 µT, Bz = 84.2160 µT",,,,,,"12:00:17.508 -> Bx = 26.4000 µT, By = 647.1000 µT, Bz = 73.0840 µT"
,"11:42:01.752 -> Bx = 2.1000 µT, By = 322.5000 µT, Bz = 50.8200 µT",,,,,,"11:42:40.217 -> Bx = 25.5000 µT, By = 593.1000 µT, Bz = 32.4280 µT",,,,,,,"11:43:12.029 -> Bx = 52.5000 µT, By = 924.3001 µT, Bz = 11.6160 µT",,,,,,,"11:43:43.053 -> Bx = 84.6000 µT, By = 1413.9000 µT, Bz = -16.9400 µT",,,,,,,"11:44:51.258 -> Bx = 118.2000 µT, By = 2116.2001 µT, Bz = -51.3040 µT",,,,,,,"11:45:35.116 -> Bx = 139.5000 µT, By = 2301.3000 µT, Bz = -57.5960 µT",,,,,,,"11:46:00.344 -> Bx = 147.9000 µT, By = 2481.6000 µT, Bz = -62.9200 µT",,,,,,,"11:46:28.853 -> Bx = 157.8000 µT, By = 2672.7001 µT, Bz = -64.8560 µT",,,,,,,"11:46:56.984 -> Bx = 168.0000 µT, By = 2850.9001 µT, Bz = -65.3400 µT",,,,,,,"11:47:49.062 -> Bx = 177.9000 µT, By = 3000.0000 µT, Bz = -63.8880 µT",,,,,,"11:48:20.904 -> Bx = 185.7000 µT, By = 3148.5002 µT, Bz = -56.1440 µT",,,,,,"11:48:44.485 -> Bx = 193.2000 µT, By = 3260.1000 µT, Bz = -45.4960 µT",,,,,,,"11:50:33.654 -> Bx = 201.0000 µT, By = 3349.8000 µT, Bz = -42.1080 µT",,,,,,,"11:51:22.868 -> Bx = 217.2000 µT, By = 3405.0002 µT, Bz = -33.8800 µT",,,,,,,"11:51:57.589 -> Bx = 229.5000 µT, By = 3445.2001 µT, Bz = -24.2000 µT",,,,,,,"11:52:26.112 -> Bx = 242.7000 µT, By = 3470.1000 µT, Bz = -9.1960 µT",,,,,,,"11:52:59.643 -> Bx = 251.7000 µT, By = 3471.0002 µT, Bz = 1.4520 µT",,,,,,,"11:53:28.984 -> Bx = 256.5000 µT, By = 3454.5002 µT, Bz = 14.0360 µT",,,,,,"11:54:04.938 -> Bx = 257.7000 µT, By = 3408.0002 µT, Bz = 30.0080 µT",,,,,,"11:55:05.322 -> Bx = 253.2000 µT, By = 3337.5002 µT, Bz = 44.5280 µT",,,,,,"11:55:34.669 -> Bx = 244.5000 µT, By = 3249.3000 µT, Bz = 57.5960 µT",,,,,,"11:56:08.185 -> Bx = 234.0000 µT, By = 3135.0002 µT, Bz = 72.1160 µT",,,,,,"11:56:47.865 -> Bx = 221.4000 µT, By = 2986.2001 µT, Bz = 80.8280 µT",,,,,,"11:57:16.803 -> Bx = 198.9000 µT, By = 2827.8000 µT, Bz = 87.1200 µT",,,,,,"11:57:39.543 -> Bx = 182.7000 µT, By = 2649.6000 µT, Bz = 94.8640 µT",,,,,,"11:58:10.588 -> Bx = 175.8000 µT, By = 2447.7001 µT, Bz = 99.2200 µT",,,,,,"11:58:36.621 -> Bx = 163.2000 µT, By = 2262.9001 µT, Bz = 100.1880 µT",,,,,,"11:59:00.189 -> Bx = 116.1000 µT, By = 1879.5001 µT, Bz = 92.9280 µT",,,,,,"11:59:26.249 -> Bx = 84.3000 µT, By = 1535.7000 µT, Bz = 89.5400 µT",,,,,,"11:59:51.888 -> Bx = 70.2000 µT, By = 1240.2000 µT, Bz = 84.7000 µT",,,,,,"12:00:17.922 -> Bx = 26.4000 µT, By = 646.5000 µT, Bz = 72.1160 µT"
,"11:42:02.192 -> Bx = 2.1000 µT, By = 323.1000 µT, Bz = 50.3360 µT",,,,,,"11:42:40.616 -> Bx = 25.5000 µT, By = 593.1000 µT, Bz = 32.4280 µT",,,,,,,"11:43:12.450 -> Bx = 51.9000 µT, By = 924.0001 µT, Bz = 12.1000 µT",,,,,,,"11:43:43.447 -> Bx = 85.2000 µT, By = 1413.3000 µT, Bz = -15.9720 µT",,,,,,,"11:44:51.702 -> Bx = 118.2000 µT, By = 2115.9001 µT, Bz = -50.8200 µT",,,,,,,"11:45:35.518 -> Bx = 139.8000 µT, By = 2301.3000 µT, Bz = -57.1120 µT",,,,,,,"11:46:00.728 -> Bx = 147.3000 µT, By = 2481.9001 µT, Bz = -61.9520 µT",,,,,,,"11:46:29.268 -> Bx = 158.1000 µT, By = 2672.4001 µT, Bz = -64.8560 µT",,,,,,,"11:46:57.384 -> Bx = 167.1000 µT, By = 2850.9001 µT, Bz = -65.8240 µT",,,,,,,"11:47:49.500 -> Bx = 177.9000 µT, By = 2999.7001 µT, Bz = -63.8880 µT",,,,,,"11:48:21.336 -> Bx = 186.3000 µT, By = 3149.7001 µT, Bz = -56.1440 µT",,,,,,"11:48:44.918 -> Bx = 194.1000 µT, By = 3259.8000 µT, Bz = -45.4960 µT",,,,,,,"11:50:34.071 -> Bx = 201.0000 µT, By = 3350.4001 µT, Bz = -42.5920 µT",,,,,,,"11:51:23.290 -> Bx = 215.1000 µT, By = 3404.7001 µT, Bz = -34.3640 µT",,,,,,,"11:51:58.000 -> Bx = 228.9000 µT, By = 3444.9001 µT, Bz = -24.6840 µT",,,,,,,"11:52:26.547 -> Bx = 242.4000 µT, By = 3470.1000 µT, Bz = -9.1960 µT",,,,,,,"11:53:00.043 -> Bx = 252.0000 µT, By = 3469.8000 µT, Bz = 1.4520 µT",,,,,,,"11:53:29.388 -> Bx = 256.5000 µT, By = 3454.5002 µT, Bz = 13.5520 µT",,,,,,"11:54:05.372 -> Bx = 257.4000 µT, By = 3407.7001 µT, Bz = 29.5240 µT",,,,,,"11:55:05.720 -> Bx = 252.9000 µT, By = 3338.4001 µT, Bz = 44.5280 µT",,,,,,"11:55:35.089 -> Bx = 243.0000 µT, By = 3250.5002 µT, Bz = 57.5960 µT",,,,,,"11:56:08.572 -> Bx = 234.0000 µT, By = 3134.7001 µT, Bz = 71.6320 µT",,,,,,"11:56:48.289 -> Bx = 221.7000 µT, By = 2986.8000 µT, Bz = 80.8280 µT",,,,,,"11:57:17.213 -> Bx = 201.9000 µT, By = 2831.7001 µT, Bz = 88.0880 µT",,,,,,"11:57:39.986 -> Bx = 182.7000 µT, By = 2649.6000 µT, Bz = 95.3480 µT",,,,,,"11:58:10.967 -> Bx = 174.6000 µT, By = 2448.3000 µT, Bz = 98.7360 µT",,,,,,"11:58:37.039 -> Bx = 163.8000 µT, By = 2263.2001 µT, Bz = 99.7040 µT",,,,,,"11:59:00.606 -> Bx = 114.9000 µT, By = 1879.8000 µT, Bz = 92.9280 µT",,,,,,"11:59:26.650 -> Bx = 85.2000 µT, By = 1539.3000 µT, Bz = 90.5080 µT",,,,,,"11:59:52.291 -> Bx = 70.2000 µT, By = 1240.5000 µT, Bz = 84.2160 µT",,,,,,"12:00:18.340 -> Bx = 27.0000 µT, By = 646.8001 µT, Bz = 73.5680 µT"
,"11:42:02.585 -> Bx = 2.4000 µT, By = 322.8000 µT, Bz = 49.8520 µT",,,,,,"11:42:41.064 -> Bx = 25.8000 µT, By = 593.4000 µT, Bz = 32.4280 µT",,,,,,,"11:43:12.885 -> Bx = 51.9000 µT, By = 924.0001 µT, Bz = 11.6160 µT",,,,,,,"11:43:43.884 -> Bx = 84.9000 µT, By = 1413.9000 µT, Bz = -15.9720 µT",,,,,,,"11:44:52.100 -> Bx = 118.5000 µT, By = 2116.2001 µT, Bz = -51.3040 µT",,,,,,,"11:45:35.934 -> Bx = 139.2000 µT, By = 2301.3000 µT, Bz = -57.1120 µT",,,,,,,"11:46:01.158 -> Bx = 147.6000 µT, By = 2481.6000 µT, Bz = -61.9520 µT",,,,,,,"11:46:29.677 -> Bx = 158.1000 µT, By = 2672.4001 µT, Bz = -65.3400 µT",,,,,,,"11:46:57.785 -> Bx = 167.4000 µT, By = 2850.9001 µT, Bz = -65.3400 µT",,,,,,,"11:47:49.889 -> Bx = 178.2000 µT, By = 3000.6000 µT, Bz = -63.8880 µT",,,,,,"11:48:21.745 -> Bx = 185.7000 µT, By = 3148.5002 µT, Bz = -56.1440 µT",,,,,,"11:48:45.317 -> Bx = 193.2000 µT, By = 3260.4001 µT, Bz = -45.0120 µT",,,,,,,"11:50:34.484 -> Bx = 201.9000 µT, By = 3349.5002 µT, Bz = -42.5920 µT",,,,,,,"11:51:23.685 -> Bx = 215.7000 µT, By = 3404.4001 µT, Bz = -34.3640 µT",,,,,,,"11:51:58.440 -> Bx = 228.6000 µT, By = 3445.2001 µT, Bz = -24.2000 µT",,,,,,,"11:52:26.968 -> Bx = 242.4000 µT, By = 3470.4001 µT, Bz = -9.6800 µT",,,,,,,"11:53:00.462 -> Bx = 251.4000 µT, By = 3471.0002 µT, Bz = 2.4200 µT",,,,,,,"11:53:29.802 -> Bx = 256.5000 µT, By = 3454.8000 µT, Bz = 14.0360 µT",,,,,,"11:54:05.766 -> Bx = 257.7000 µT, By = 3407.7001 µT, Bz = 29.5240 µT",,,,,,"11:55:06.141 -> Bx = 253.2000 µT, By = 3337.8000 µT, Bz = 44.5280 µT",,,,,,"11:55:35.520 -> Bx = 244.2000 µT, By = 3250.2001 µT, Bz = 57.5960 µT",,,,,,"11:56:09.002 -> Bx = 234.0000 µT, By = 3135.3000 µT, Bz = 71.6320 µT",,,,,,"11:56:48.689 -> Bx = 221.1000 µT, By = 2986.5000 µT, Bz = 80.8280 µT",,,,,,"11:57:17.627 -> Bx = 200.1000 µT, By = 2831.7001 µT, Bz = 88.0880 µT",,,,,,"11:57:40.366 -> Bx = 183.0000 µT, By = 2649.0000 µT, Bz = 94.8640 µT",,,,,,"11:58:11.403 -> Bx = 174.9000 µT, By = 2448.0000 µT, Bz = 98.2520 µT",,,,,,"11:58:37.437 -> Bx = 163.8000 µT, By = 2262.9001 µT, Bz = 99.7040 µT",,,,,,"11:59:00.999 -> Bx = 116.1000 µT, By = 1879.8000 µT, Bz = 91.9600 µT",,,,,,"11:59:27.064 -> Bx = 84.3000 µT, By = 1538.7000 µT, Bz = 90.0240 µT",,,,,,"11:59:52.683 -> Bx = 70.2000 µT, By = 1240.2000 µT, Bz = 84.7000 µT",,,,,,"12:00:18.753 -> Bx = 26.4000 µT, By = 646.5000 µT, Bz = 72.6000 µT"
,"11:42:03.002 -> Bx = 1.5000 µT, By = 322.5000 µT, Bz = 50.8200 µT",,,,,,"11:42:41.466 -> Bx = 25.8000 µT, By = 593.4000 µT, Bz = 32.4280 µT",,,,,,,"11:43:13.264 -> Bx = 52.2000 µT, By = 924.3001 µT, Bz = 12.1000 µT",,,,,,,"11:43:44.274 -> Bx = 84.9000 µT, By = 1413.9000 µT, Bz = -16.4560 µT",,,,,,,"11:44:52.503 -> Bx = 118.2000 µT, By = 2115.6000 µT, Bz = -50.8200 µT",,,,,,,"11:45:36.354 -> Bx = 139.2000 µT, By = 2300.4001 µT, Bz = -58.0800 µT",,,,,,,"11:46:01.559 -> Bx = 147.9000 µT, By = 2481.3000 µT, Bz = -62.4360 µT",,,,,,,"11:46:30.104 -> Bx = 157.8000 µT, By = 2672.1000 µT, Bz = -64.8560 µT",,,,,,,"11:46:58.217 -> Bx = 167.1000 µT, By = 2851.5000 µT, Bz = -65.3400 µT",,,,,,,"11:47:50.319 -> Bx = 177.9000 µT, By = 3001.5000 µT, Bz = -63.8880 µT",,,,,,"11:48:22.159 -> Bx = 185.7000 µT, By = 3149.7001 µT, Bz = -56.1440 µT",,,,,,"11:48:45.737 -> Bx = 192.3000 µT, By = 3258.9001 µT, Bz = -45.9800 µT",,,,,,,"11:50:34.886 -> Bx = 205.8000 µT, By = 3351.3000 µT, Bz = -41.6240 µT",,,,,,,"11:51:24.088 -> Bx = 214.8000 µT, By = 3405.3000 µT, Bz = -33.3960 µT",,,,,,,"11:51:58.838 -> Bx = 228.3000 µT, By = 3444.9001 µT, Bz = -23.7160 µT",,,,,,,"11:52:27.368 -> Bx = 242.4000 µT, By = 3470.1000 µT, Bz = -9.1960 µT",,,,,,,"11:53:00.867 -> Bx = 252.0000 µT, By = 3471.3000 µT, Bz = 2.4200 µT",,,,,,,"11:53:30.205 -> Bx = 256.5000 µT, By = 3454.8000 µT, Bz = 14.5200 µT",,,,,,"11:54:06.187 -> Bx = 258.0000 µT, By = 3408.6000 µT, Bz = 29.5240 µT",,,,,,"11:55:06.554 -> Bx = 252.9000 µT, By = 3337.8000 µT, Bz = 45.0120 µT",,,,,,"11:55:35.916 -> Bx = 243.9000 µT, By = 3250.8000 µT, Bz = 57.1120 µT",,,,,,"11:56:09.440 -> Bx = 234.3000 µT, By = 3134.7001 µT, Bz = 71.6320 µT",,,,,,"11:56:49.120 -> Bx = 221.1000 µT, By = 2986.2001 µT, Bz = 80.8280 µT",,,,,,"11:57:18.069 -> Bx = 201.9000 µT, By = 2832.0000 µT, Bz = 88.0880 µT",,,,,,"11:57:40.788 -> Bx = 182.4000 µT, By = 2649.6000 µT, Bz = 95.3480 µT",,,,,,"11:58:11.822 -> Bx = 176.1000 µT, By = 2448.3000 µT, Bz = 98.7360 µT",,,,,,"11:58:37.853 -> Bx = 163.5000 µT, By = 2262.0000 µT, Bz = 100.1880 µT",,,,,,"11:59:01.422 -> Bx = 116.4000 µT, By = 1880.4000 µT, Bz = 91.4760 µT",,,,,,"11:59:27.469 -> Bx = 85.5000 µT, By = 1539.9000 µT, Bz = 90.5080 µT",,,,,,"11:59:53.108 -> Bx = 70.2000 µT, By = 1239.9000 µT, Bz = 84.2160 µT",,,,,,"12:00:19.170 -> Bx = 26.7000 µT, By = 646.8001 µT, Bz = 73.0840 µT"
,"11:42:03.403 -> Bx = 2.1000 µT, By = 322.5000 µT, Bz = 50.3360 µT",,,,,,"11:42:41.849 -> Bx = 26.1000 µT, By = 593.7000 µT, Bz = 32.4280 µT",,,,,,,"11:43:13.703 -> Bx = 52.5000 µT, By = 924.0001 µT, Bz = 12.1000 µT",,,,,,,"11:43:44.687 -> Bx = 84.3000 µT, By = 1413.6000 µT, Bz = -16.4560 µT",,,,,,,"11:44:52.932 -> Bx = 118.2000 µT, By = 2115.6000 µT, Bz = -50.3360 µT",,,,,,,"11:45:36.739 -> Bx = 141.3000 µT, By = 2301.0000 µT, Bz = -57.1120 µT",,,,,,,"11:46:01.991 -> Bx = 147.6000 µT, By = 2481.3000 µT, Bz = -62.9200 µT",,,,,,,"11:46:30.521 -> Bx = 158.1000 µT, By = 2672.7001 µT, Bz = -65.3400 µT",,,,,,,"11:46:58.634 -> Bx = 167.4000 µT, By = 2850.6000 µT, Bz = -64.8560 µT",,,,,,,"11:47:50.715 -> Bx = 177.9000 µT, By = 3000.3000 µT, Bz = -62.9200 µT",,,,,,"11:48:22.573 -> Bx = 185.7000 µT, By = 3149.4001 µT, Bz = -56.6280 µT",,,,,,"11:48:46.132 -> Bx = 192.3000 µT, By = 3259.2001 µT, Bz = -45.4960 µT",,,,,,,"11:50:35.317 -> Bx = 198.0000 µT, By = 3349.8000 µT, Bz = -42.5920 µT",,,,,,,"11:51:24.503 -> Bx = 214.8000 µT, By = 3404.1000 µT, Bz = -34.3640 µT",,,,,,,"11:51:59.267 -> Bx = 229.2000 µT, By = 3444.6000 µT, Bz = -23.7160 µT",,,,,,,"11:52:27.765 -> Bx = 242.4000 µT, By = 3470.7001 µT, Bz = -9.1960 µT",,,,,,,"11:53:01.285 -> Bx = 252.0000 µT, By = 3471.0002 µT, Bz = 1.9360 µT",,,,,,,"11:53:30.619 -> Bx = 256.8000 µT, By = 3455.1000 µT, Bz = 14.5200 µT",,,,,,"11:54:06.621 -> Bx = 257.4000 µT, By = 3407.1000 µT, Bz = 29.5240 µT",,,,,,"11:55:06.972 -> Bx = 252.9000 µT, By = 3337.5002 µT, Bz = 44.5280 µT",,,,,,"11:55:36.339 -> Bx = 244.5000 µT, By = 3249.9001 µT, Bz = 57.5960 µT",,,,,,"11:56:09.838 -> Bx = 234.3000 µT, By = 3134.7001 µT, Bz = 72.1160 µT",,,,,,"11:56:49.526 -> Bx = 221.1000 µT, By = 2987.1000 µT, Bz = 81.3120 µT",,,,,,"11:57:18.487 -> Bx = 202.5000 µT, By = 2831.4001 µT, Bz = 88.0880 µT",,,,,,"11:57:41.219 -> Bx = 183.0000 µT, By = 2649.6000 µT, Bz = 94.8640 µT",,,,,,"11:58:12.223 -> Bx = 174.9000 µT, By = 2447.4001 µT, Bz = 98.7360 µT",,,,,,"11:58:38.260 -> Bx = 163.2000 µT, By = 2262.9001 µT, Bz = 100.1880 µT",,,,,,"11:59:01.850 -> Bx = 115.2000 µT, By = 1880.1000 µT, Bz = 91.4760 µT",,,,,,"11:59:27.886 -> Bx = 85.2000 µT, By = 1539.9000 µT, Bz = 90.5080 µT",,,,,,"11:59:53.531 -> Bx = 70.5000 µT, By = 1239.9000 µT, Bz = 84.2160 µT",,,,,,"12:00:19.572 -> Bx = 26.1000 µT, By = 646.8001 µT, Bz = 72.6000 µT"
,"11:42:03.824 -> Bx = 2.1000 µT, By = 322.2000 µT, Bz = 51.3040 µT",,,,,,"11:42:42.260 -> Bx = 25.5000 µT, By = 593.4000 µT, Bz = 32.9120 µT",,,,,,,"11:43:14.101 -> Bx = 52.2000 µT, By = 924.0001 µT, Bz = 11.1320 µT",,,,,,,"11:43:45.103 -> Bx = 84.3000 µT, By = 1413.9000 µT, Bz = -16.4560 µT",,,,,,,"11:44:53.350 -> Bx = 118.5000 µT, By = 2116.2001 µT, Bz = -52.2720 µT",,,,,,,"11:45:37.187 -> Bx = 138.6000 µT, By = 2301.3000 µT, Bz = -58.0800 µT",,,,,,,"11:46:02.400 -> Bx = 147.6000 µT, By = 2480.7001 µT, Bz = -62.9200 µT",,,,,,,"11:46:30.911 -> Bx = 157.5000 µT, By = 2671.8000 µT, Bz = -64.8560 µT",,,,,,,"11:46:59.048 -> Bx = 167.1000 µT, By = 2850.9001 µT, Bz = -65.3400 µT",,,,,,,"11:47:51.137 -> Bx = 177.6000 µT, By = 3000.6000 µT, Bz = -63.4040 µT",,,,,,"11:48:22.998 -> Bx = 185.7000 µT, By = 3149.1000 µT, Bz = -56.6280 µT",,,,,,"11:48:46.567 -> Bx = 192.6000 µT, By = 3259.5002 µT, Bz = -45.4960 µT",,,,,,,"11:50:35.705 -> Bx = 202.5000 µT, By = 3350.4001 µT, Bz = -41.6240 µT",,,,,,,"11:51:24.917 -> Bx = 216.3000 µT, By = 3404.7001 µT, Bz = -33.8800 µT",,,,,,,"11:51:59.652 -> Bx = 228.3000 µT, By = 3444.9001 µT, Bz = -24.2000 µT",,,,,,,"11:52:28.200 -> Bx = 242.1000 µT, By = 3470.1000 µT, Bz = -9.1960 µT",,,,,,,"11:53:01.702 -> Bx = 251.7000 µT, By = 3470.7001 µT, Bz = 1.4520 µT",,,,,,,"11:53:31.036 -> Bx = 256.5000 µT, By = 3455.1000 µT, Bz = 14.0360 µT",,,,,,"11:54:07.007 -> Bx = 257.4000 µT, By = 3406.5002 µT, Bz = 30.0080 µT",,,,,,"11:55:07.403 -> Bx = 252.9000 µT, By = 3337.8000 µT, Bz = 45.4960 µT",,,,,,"11:55:36.756 -> Bx = 243.9000 µT, By = 3250.2001 µT, Bz = 57.1120 µT",,,,,,"11:56:10.235 -> Bx = 234.3000 µT, By = 3134.1000 µT, Bz = 72.1160 µT",,,,,,"11:56:49.944 -> Bx = 221.4000 µT, By = 2986.8000 µT, Bz = 81.3120 µT",,,,,,"11:57:18.868 -> Bx = 202.2000 µT, By = 2831.7001 µT, Bz = 88.5720 µT",,,,,,"11:57:41.619 -> Bx = 183.0000 µT, By = 2649.3000 µT, Bz = 94.8640 µT",,,,,,"11:58:12.620 -> Bx = 176.1000 µT, By = 2447.7001 µT, Bz = 99.2200 µT",,,,,,"11:58:38.677 -> Bx = 163.5000 µT, By = 2261.7001 µT, Bz = 99.7040 µT",,,,,,"11:59:02.269 -> Bx = 115.5000 µT, By = 1880.1000 µT, Bz = 91.4760 µT",,,,,,"11:59:28.317 -> Bx = 84.9000 µT, By = 1539.6000 µT, Bz = 89.5400 µT",,,,,,"11:59:53.953 -> Bx = 70.5000 µT, By = 1240.2000 µT, Bz = 84.7000 µT",,,,,,"12:00:19.987 -> Bx = 27.0000 µT, By = 646.5000 µT, Bz = 72.6000 µT"
,"11:42:04.233 -> Bx = 1.8000 µT, By = 322.8000 µT, Bz = 49.8520 µT",,,,,,"11:42:42.699 -> Bx = 25.2000 µT, By = 593.4000 µT, Bz = 32.9120 µT",,,,,,,"11:43:14.536 -> Bx = 52.2000 µT, By = 924.0001 µT, Bz = 12.1000 µT",,,,,,,"11:43:45.536 -> Bx = 84.3000 µT, By = 1414.2000 µT, Bz = -16.9400 µT",,,,,,,"11:44:53.758 -> Bx = 118.2000 µT, By = 2115.9001 µT, Bz = -50.8200 µT",,,,,,,"11:45:37.568 -> Bx = 139.2000 µT, By = 2301.0000 µT, Bz = -57.5960 µT",,,,,,,"11:46:02.821 -> Bx = 147.3000 µT, By = 2481.3000 µT, Bz = -62.9200 µT",,,,,,,"11:46:31.336 -> Bx = 157.8000 µT, By = 2672.7001 µT, Bz = -64.8560 µT",,,,,,,"11:46:59.469 -> Bx = 167.4000 µT, By = 2851.5000 µT, Bz = -65.3400 µT",,,,,,,"11:47:51.568 -> Bx = 177.6000 µT, By = 3000.6000 µT, Bz = -62.9200 µT",,,,,,"11:48:23.413 -> Bx = 185.7000 µT, By = 3149.1000 µT, Bz = -56.1440 µT",,,,,,"11:48:46.982 -> Bx = 192.3000 µT, By = 3259.8000 µT, Bz = -46.4640 µT",,,,,,,"11:50:36.118 -> Bx = 203.4000 µT, By = 3350.7001 µT, Bz = -43.0760 µT",,,,,,,"11:51:25.334 -> Bx = 214.5000 µT, By = 3404.1000 µT, Bz = -34.3640 µT",,,,,,,"11:52:00.070 -> Bx = 229.5000 µT, By = 3444.9001 µT, Bz = -24.2000 µT",,,,,,,"11:52:28.606 -> Bx = 242.1000 µT, By = 3471.0002 µT, Bz = -9.1960 µT",,,,,,,"11:53:02.096 -> Bx = 251.7000 µT, By = 3471.0002 µT, Bz = 1.9360 µT",,,,,,,"11:53:31.455 -> Bx = 256.2000 µT, By = 3454.5002 µT, Bz = 14.5200 µT",,,,,,"11:54:07.420 -> Bx = 257.7000 µT, By = 3407.4001 µT, Bz = 29.5240 µT",,,,,,"11:55:07.801 -> Bx = 252.6000 µT, By = 3337.8000 µT, Bz = 44.5280 µT",,,,,,"11:55:37.173 -> Bx = 243.9000 µT, By = 3250.2001 µT, Bz = 57.5960 µT",,,,,,"11:56:10.639 -> Bx = 234.6000 µT, By = 3135.3000 µT, Bz = 72.1160 µT",,,,,,"11:56:50.357 -> Bx = 221.7000 µT, By = 2986.5000 µT, Bz = 80.8280 µT",,,,,,"11:57:19.289 -> Bx = 202.5000 µT, By = 2831.4001 µT, Bz = 88.5720 µT",,,,,,"11:57:42.040 -> Bx = 182.1000 µT, By = 2649.3000 µT, Bz = 95.3480 µT",,,,,,"11:58:13.055 -> Bx = 174.9000 µT, By = 2447.4001 µT, Bz = 99.7040 µT",,,,,,"11:58:39.102 -> Bx = 163.5000 µT, By = 2262.9001 µT, Bz = 100.1880 µT",,,,,,"11:59:02.666 -> Bx = 116.4000 µT, By = 1880.4000 µT, Bz = 91.9600 µT",,,,,,"11:59:28.719 -> Bx = 84.6000 µT, By = 1539.9000 µT, Bz = 90.0240 µT",,,,,,"11:59:54.343 -> Bx = 70.2000 µT, By = 1240.5000 µT, Bz = 84.7000 µT",,,,,,"12:00:20.409 -> Bx = 26.7000 µT, By = 646.2000 µT, Bz = 72.6000 µT"
,"11:42:04.673 -> Bx = 2.1000 µT, By = 322.2000 µT, Bz = 49.8520 µT",,,,,,"11:42:43.117 -> Bx = 25.5000 µT, By = 593.4000 µT, Bz = 33.3960 µT",,,,,,,"11:43:14.933 -> Bx = 52.5000 µT, By = 924.3001 µT, Bz = 11.6160 µT",,,,,,,"11:43:45.953 -> Bx = 84.0000 µT, By = 1413.9000 µT, Bz = -16.9400 µT",,,,,,,"11:44:54.164 -> Bx = 118.2000 µT, By = 2116.2001 µT, Bz = -51.3040 µT",,,,,,,"11:45:37.982 -> Bx = 139.5000 µT, By = 2301.6000 µT, Bz = -58.0800 µT",,,,,,,"11:46:03.219 -> Bx = 148.2000 µT, By = 2481.6000 µT, Bz = -63.4040 µT",,,,,,,"11:46:31.765 -> Bx = 157.8000 µT, By = 2672.7001 µT, Bz = -63.8880 µT",,,,,,,"11:46:59.868 -> Bx = 167.4000 µT, By = 2850.9001 µT, Bz = -66.3080 µT",,,,,,,"11:47:51.982 -> Bx = 177.6000 µT, By = 3000.9001 µT, Bz = -62.9200 µT",,,,,,"11:48:23.818 -> Bx = 185.4000 µT, By = 3148.8000 µT, Bz = -56.1440 µT",,,,,,"11:48:47.364 -> Bx = 192.9000 µT, By = 3259.5002 µT, Bz = -45.4960 µT",,,,,,,"11:50:36.554 -> Bx = 202.8000 µT, By = 3350.1000 µT, Bz = -42.5920 µT",,,,,,,"11:51:25.750 -> Bx = 215.4000 µT, By = 3405.0002 µT, Bz = -34.3640 µT",,,,,,,"11:52:00.488 -> Bx = 228.6000 µT, By = 3444.0002 µT, Bz = -23.7160 µT",,,,,,,"11:52:29.035 -> Bx = 242.4000 µT, By = 3470.7001 µT, Bz = -9.6800 µT",,,,,,,"11:53:02.519 -> Bx = 251.7000 µT, By = 3471.0002 µT, Bz = 1.9360 µT",,,,,,,"11:53:31.852 -> Bx = 256.2000 µT, By = 3455.1000 µT, Bz = 15.0040 µT",,,,,,"11:54:07.830 -> Bx = 257.4000 µT, By = 3407.7001 µT, Bz = 29.5240 µT",,,,,,"11:55:08.220 -> Bx = 252.9000 µT, By = 3338.4001 µT, Bz = 44.5280 µT",,,,,,"11:55:37.587 -> Bx = 244.5000 µT, By = 3249.9001 µT, Bz = 57.1120 µT",,,,,,"11:56:11.050 -> Bx = 234.3000 µT, By = 3134.1000 µT, Bz = 71.1480 µT",,,,,,"11:56:50.769 -> Bx = 221.1000 µT, By = 2986.8000 µT, Bz = 80.3440 µT",,,,,,"11:57:19.705 -> Bx = 202.2000 µT, By = 2831.7001 µT, Bz = 88.5720 µT",,,,,,"11:57:42.437 -> Bx = 182.1000 µT, By = 2649.6000 µT, Bz = 94.8640 µT",,,,,,"11:58:13.453 -> Bx = 175.2000 µT, By = 2447.4001 µT, Bz = 99.2200 µT",,,,,,"11:58:39.496 -> Bx = 163.2000 µT, By = 2262.9001 µT, Bz = 99.7040 µT",,,,,,"11:59:03.100 -> Bx = 115.8000 µT, By = 1880.1000 µT, Bz = 91.4760 µT",,,,,,"11:59:29.116 -> Bx = 84.6000 µT, By = 1540.2000 µT, Bz = 90.0240 µT",,,,,,"11:59:54.751 -> Bx = 70.2000 µT, By = 1240.5000 µT, Bz = 84.7000 µT",,,,,,"12:00:20.806 -> Bx = 26.4000 µT, By = 646.8001 µT, Bz = 72.6000 µT"
,"11:42:05.059 -> Bx = 2.4000 µT, By = 322.5000 µT, Bz = 50.3360 µT",,,,,,"11:42:43.533 -> Bx = 25.2000 µT, By = 593.4000 µT, Bz = 32.9120 µT",,,,,,,"11:43:15.354 -> Bx = 52.5000 µT, By = 924.0001 µT, Bz = 12.1000 µT",,,,,,,"11:43:46.366 -> Bx = 84.3000 µT, By = 1414.2000 µT, Bz = -16.4560 µT",,,,,,,"11:44:54.579 -> Bx = 118.2000 µT, By = 2115.9001 µT, Bz = -50.8200 µT",,,,,,,"11:45:38.416 -> Bx = 139.2000 µT, By = 2300.7001 µT, Bz = -58.5640 µT",,,,,,,"11:46:03.651 -> Bx = 147.6000 µT, By = 2481.6000 µT, Bz = -62.9200 µT",,,,,,,"11:46:32.152 -> Bx = 158.4000 µT, By = 2673.0000 µT, Bz = -65.3400 µT",,,,,,,"11:47:00.286 -> Bx = 167.7000 µT, By = 2850.9001 µT, Bz = -65.3400 µT",,,,,,,"11:47:52.404 -> Bx = 177.9000 µT, By = 3001.2001 µT, Bz = -63.4040 µT",,,,,,"11:48:24.219 -> Bx = 185.4000 µT, By = 3148.8000 µT, Bz = -56.1440 µT",,,,,,"11:48:47.802 -> Bx = 192.6000 µT, By = 3258.6000 µT, Bz = -45.4960 µT",,,,,,,"11:50:36.971 -> Bx = 203.1000 µT, By = 3348.9001 µT, Bz = -42.5920 µT",,,,,,,"11:51:26.168 -> Bx = 216.3000 µT, By = 3404.7001 µT, Bz = -34.3640 µT",,,,,,,"11:52:00.903 -> Bx = 228.6000 µT, By = 3444.6000 µT, Bz = -24.2000 µT",,,,,,,"11:52:29.441 -> Bx = 243.0000 µT, By = 3469.8000 µT, Bz = -10.1640 µT",,,,,,,"11:53:02.920 -> Bx = 251.7000 µT, By = 3470.7001 µT, Bz = 1.9360 µT",,,,,,,"11:53:32.270 -> Bx = 256.5000 µT, By = 3453.9001 µT, Bz = 14.0360 µT",,,,,,"11:54:08.251 -> Bx = 257.7000 µT, By = 3407.4001 µT, Bz = 30.4920 µT",,,,,,"11:55:08.615 -> Bx = 253.2000 µT, By = 3338.4001 µT, Bz = 45.0120 µT",,,,,,"11:55:38.002 -> Bx = 244.2000 µT, By = 3250.2001 µT, Bz = 57.5960 µT",,,,,,"11:56:11.488 -> Bx = 234.3000 µT, By = 3135.3000 µT, Bz = 71.1480 µT",,,,,,"11:56:51.159 -> Bx = 221.4000 µT, By = 2986.8000 µT, Bz = 81.3120 µT",,,,,,"11:57:20.120 -> Bx = 201.9000 µT, By = 2831.4001 µT, Bz = 88.0880 µT",,,,,,"11:57:42.851 -> Bx = 180.9000 µT, By = 2650.5000 µT, Bz = 95.8320 µT",,,,,,"11:58:13.885 -> Bx = 175.2000 µT, By = 2447.1000 µT, Bz = 98.7360 µT",,,,,,"11:58:39.939 -> Bx = 163.5000 µT, By = 2262.9001 µT, Bz = 98.7360 µT",,,,,,"11:59:03.505 -> Bx = 115.8000 µT, By = 1879.5001 µT, Bz = 91.4760 µT",,,,,,"11:59:29.532 -> Bx = 84.9000 µT, By = 1539.6000 µT, Bz = 90.5080 µT",,,,,,"11:59:55.195 -> Bx = 70.5000 µT, By = 1240.5000 µT, Bz = 84.7000 µT",,,,,,"12:00:21.239 -> Bx = 26.7000 µT, By = 646.5000 µT, Bz = 72.6000 µT"
,"11:42:05.500 -> Bx = 1.8000 µT, By = 322.2000 µT, Bz = 49.8520 µT",,,,,,"11:42:43.932 -> Bx = 25.2000 µT, By = 593.7000 µT, Bz = 32.4280 µT",,,,,,,"11:43:15.767 -> Bx = 52.5000 µT, By = 924.0001 µT, Bz = 11.6160 µT",,,,,,,"11:43:46.781 -> Bx = 84.3000 µT, By = 1413.9000 µT, Bz = -16.9400 µT",,,,,,,"11:44:54.993 -> Bx = 118.5000 µT, By = 2116.5000 µT, Bz = -50.8200 µT",,,,,,,"11:45:38.833 -> Bx = 139.2000 µT, By = 2302.5000 µT, Bz = -58.0800 µT",,,,,,,"11:46:04.035 -> Bx = 147.6000 µT, By = 2481.3000 µT, Bz = -62.4360 µT",,,,,,,"11:46:32.569 -> Bx = 157.8000 µT, By = 2673.0000 µT, Bz = -65.3400 µT",,,,,,,"11:47:00.690 -> Bx = 166.8000 µT, By = 2850.9001 µT, Bz = -65.3400 µT",,,,,,,"11:47:52.800 -> Bx = 177.6000 µT, By = 3000.9001 µT, Bz = -62.4360 µT",,,,,,"11:48:24.645 -> Bx = 185.4000 µT, By = 3149.1000 µT, Bz = -56.1440 µT",,,,,,"11:48:48.217 -> Bx = 192.6000 µT, By = 3259.5002 µT, Bz = -45.9800 µT",,,,,,,"11:50:37.366 -> Bx = 203.1000 µT, By = 3348.6000 µT, Bz = -42.5920 µT",,,,,,,"11:51:26.569 -> Bx = 215.7000 µT, By = 3404.7001 µT, Bz = -35.3320 µT",,,,,,,"11:52:01.303 -> Bx = 229.5000 µT, By = 3444.9001 µT, Bz = -24.2000 µT",,,,,,,"11:52:29.855 -> Bx = 242.1000 µT, By = 3469.8000 µT, Bz = -9.6800 µT",,,,,,,"11:53:03.352 -> Bx = 251.4000 µT, By = 3470.7001 µT, Bz = 1.4520 µT",,,,,,,"11:53:32.678 -> Bx = 256.5000 µT, By = 3453.9001 µT, Bz = 15.0040 µT",,,,,,"11:54:08.688 -> Bx = 257.4000 µT, By = 3407.1000 µT, Bz = 30.0080 µT",,,,,,"11:55:09.052 -> Bx = 252.9000 µT, By = 3337.8000 µT, Bz = 43.0760 µT",,,,,,"11:55:38.387 -> Bx = 244.5000 µT, By = 3249.3000 µT, Bz = 57.1120 µT",,,,,,"11:56:11.889 -> Bx = 234.3000 µT, By = 3134.4001 µT, Bz = 72.1160 µT",,,,,,"11:56:51.585 -> Bx = 221.1000 µT, By = 2986.8000 µT, Bz = 81.3120 µT",,,,,,"11:57:20.550 -> Bx = 201.6000 µT, By = 2831.4001 µT, Bz = 88.0880 µT",,,,,,"11:57:43.286 -> Bx = 183.3000 µT, By = 2650.2001 µT, Bz = 95.3480 µT",,,,,,"11:58:14.277 -> Bx = 173.7000 µT, By = 2448.3000 µT, Bz = 99.7040 µT",,,,,,"11:58:40.348 -> Bx = 163.5000 µT, By = 2262.6000 µT, Bz = 100.1880 µT",,,,,,"11:59:03.896 -> Bx = 115.8000 µT, By = 1879.5001 µT, Bz = 91.9600 µT",,,,,,"11:59:29.943 -> Bx = 83.4000 µT, By = 1540.2000 µT, Bz = 90.0240 µT",,,,,,"11:59:55.594 -> Bx = 69.0000 µT, By = 1240.2000 µT, Bz = 85.1840 µT",,,,,,"12:00:21.635 -> Bx = 26.7000 µT, By = 646.8001 µT, Bz = 73.0840 µT"
,"11:42:05.898 -> Bx = 2.1000 µT, By = 321.9000 µT, Bz = 49.8520 µT",,,,,,"11:42:44.330 -> Bx = 25.2000 µT, By = 593.4000 µT, Bz = 32.4280 µT",,,,,,,"11:43:16.162 -> Bx = 52.5000 µT, By = 923.7000 µT, Bz = 11.6160 µT",,,,,,,"11:43:47.197 -> Bx = 84.3000 µT, By = 1414.2000 µT, Bz = -16.9400 µT",,,,,,,"11:44:55.418 -> Bx = 118.2000 µT, By = 2115.9001 µT, Bz = -51.3040 µT",,,,,,,"11:45:39.238 -> Bx = 138.9000 µT, By = 2301.3000 µT, Bz = -58.0800 µT",,,,,,,"11:46:04.452 -> Bx = 147.6000 µT, By = 2480.7001 µT, Bz = -62.4360 µT",,,,,,,"11:46:32.984 -> Bx = 158.1000 µT, By = 2672.7001 µT, Bz = -64.3720 µT",,,,,,,"11:47:01.109 -> Bx = 167.1000 µT, By = 2851.2001 µT, Bz = -64.8560 µT",,,,,,,"11:47:53.218 -> Bx = 177.9000 µT, By = 3000.6000 µT, Bz = -62.9200 µT",,,,,,"11:48:25.065 -> Bx = 185.7000 µT, By = 3148.8000 µT, Bz = -56.6280 µT",,,,,,"11:48:48.633 -> Bx = 192.3000 µT, By = 3259.5002 µT, Bz = -45.9800 µT",,,,,,,"11:50:37.785 -> Bx = 203.1000 µT, By = 3349.8000 µT, Bz = -42.5920 µT",,,,,,,"11:51:26.981 -> Bx = 216.6000 µT, By = 3404.7001 µT, Bz = -34.3640 µT",,,,,,,"11:52:01.736 -> Bx = 230.1000 µT, By = 3444.6000 µT, Bz = -24.2000 µT",,,,,,,"11:52:30.254 -> Bx = 242.7000 µT, By = 3470.1000 µT, Bz = -9.1960 µT",,,,,,,"11:53:03.754 -> Bx = 251.7000 µT, By = 3471.0002 µT, Bz = 2.4200 µT",,,,,,,"11:53:33.113 -> Bx = 256.2000 µT, By = 3454.8000 µT, Bz = 14.0360 µT",,,,,,"11:54:09.103 -> Bx = 257.4000 µT, By = 3408.3000 µT, Bz = 30.0080 µT",,,,,,"11:55:09.458 -> Bx = 251.7000 µT, By = 3337.5002 µT, Bz = 44.5280 µT",,,,,,"11:55:38.816 -> Bx = 244.5000 µT, By = 3250.8000 µT, Bz = 57.5960 µT",,,,,,"11:56:12.304 -> Bx = 234.3000 µT, By = 3134.1000 µT, Bz = 71.1480 µT",,,,,,"11:56:52.003 -> Bx = 221.1000 µT, By = 2986.5000 µT, Bz = 81.7960 µT",,,,,,"11:57:20.936 -> Bx = 202.2000 µT, By = 2831.7001 µT, Bz = 88.0880 µT",,,,,,"11:57:43.675 -> Bx = 182.7000 µT, By = 2650.2001 µT, Bz = 95.3480 µT",,,,,,"11:58:14.688 -> Bx = 174.3000 µT, By = 2447.7001 µT, Bz = 99.7040 µT",,,,,,"11:58:40.762 -> Bx = 163.2000 µT, By = 2262.9001 µT, Bz = 99.7040 µT",,,,,,"11:59:04.328 -> Bx = 115.8000 µT, By = 1879.8000 µT, Bz = 91.4760 µT",,,,,,"11:59:30.380 -> Bx = 85.8000 µT, By = 1540.2000 µT, Bz = 90.5080 µT",,,,,,"11:59:56.005 -> Bx = 70.2000 µT, By = 1240.5000 µT, Bz = 84.7000 µT",,,,,,"12:00:22.064 -> Bx = 26.4000 µT, By = 646.8001 µT, Bz = 73.0840 µT"
,"11:42:06.305 -> Bx = 2.4000 µT, By = 321.9000 µT, Bz = 49.8520 µT",,,,,,"11:42:44.742 -> Bx = 25.8000 µT, By = 593.7000 µT, Bz = 31.9440 µT",,,,,,,"11:43:16.575 -> Bx = 52.5000 µT, By = 924.3001 µT, Bz = 12.1000 µT",,,,,,,"11:43:47.582 -> Bx = 83.7000 µT, By = 1414.2000 µT, Bz = -18.3920 µT",,,,,,,"11:44:55.814 -> Bx = 118.2000 µT, By = 2116.8000 µT, Bz = -51.3040 µT",,,,,,,"11:45:39.668 -> Bx = 139.8000 µT, By = 2302.2001 µT, Bz = -58.5640 µT",,,,,,,"11:46:04.885 -> Bx = 147.6000 µT, By = 2482.2001 µT, Bz = -62.4360 µT",,,,,,,"11:46:33.421 -> Bx = 157.8000 µT, By = 2673.0000 µT, Bz = -64.8560 µT",,,,,,,"11:47:01.533 -> Bx = 167.1000 µT, By = 2851.5000 µT, Bz = -64.8560 µT",,,,,,,"11:47:53.637 -> Bx = 177.6000 µT, By = 3000.9001 µT, Bz = -62.4360 µT",,,,,,"11:48:25.477 -> Bx = 185.7000 µT, By = 3148.8000 µT, Bz = -56.1440 µT",,,,,,"11:48:49.020 -> Bx = 192.3000 µT, By = 3258.9001 µT, Bz = -45.9800 µT",,,,,,,"11:50:38.205 -> Bx = 202.8000 µT, By = 3349.8000 µT, Bz = -42.5920 µT",,,,,,,"11:51:27.422 -> Bx = 215.4000 µT, By = 3404.7001 µT, Bz = -33.8800 µT",,,,,,,"11:52:02.125 -> Bx = 229.2000 µT, By = 3444.6000 µT, Bz = -24.2000 µT",,,,,,,"11:52:30.684 -> Bx = 242.4000 µT, By = 3470.4001 µT, Bz = -9.6800 µT",,,,,,,"11:53:04.147 -> Bx = 251.7000 µT, By = 3470.7001 µT, Bz = 1.4520 µT",,,,,,,"11:53:33.510 -> Bx = 256.5000 µT, By = 3454.8000 µT, Bz = 14.5200 µT",,,,,,"11:54:09.505 -> Bx = 257.7000 µT, By = 3407.7001 µT, Bz = 30.0080 µT",,,,,,"11:55:09.855 -> Bx = 252.3000 µT, By = 3337.8000 µT, Bz = 44.0440 µT",,,,,,"11:55:39.221 -> Bx = 243.9000 µT, By = 3250.2001 µT, Bz = 58.0800 µT",,,,,,"11:56:12.729 -> Bx = 234.6000 µT, By = 3134.1000 µT, Bz = 71.6320 µT",,,,,,"11:56:52.414 -> Bx = 219.9000 µT, By = 2986.2001 µT, Bz = 81.7960 µT",,,,,,"11:57:21.354 -> Bx = 201.6000 µT, By = 2831.7001 µT, Bz = 88.0880 µT",,,,,,"11:57:44.103 -> Bx = 183.6000 µT, By = 2649.9001 µT, Bz = 95.3480 µT",,,,,,"11:58:15.118 -> Bx = 174.3000 µT, By = 2448.6000 µT, Bz = 99.7040 µT",,,,,,"11:58:41.152 -> Bx = 163.8000 µT, By = 2262.3000 µT, Bz = 99.7040 µT",,,,,,"11:59:04.731 -> Bx = 116.1000 µT, By = 1879.8000 µT, Bz = 91.4760 µT",,,,,,"11:59:30.779 -> Bx = 85.5000 µT, By = 1539.3000 µT, Bz = 90.5080 µT",,,,,,"11:59:56.440 -> Bx = 69.9000 µT, By = 1239.9000 µT, Bz = 85.1840 µT",,,,,,"12:00:22.461 -> Bx = 27.0000 µT, By = 646.8001 µT, Bz = 73.0840 µT"
,"11:42:06.733 -> Bx = 2.1000 µT, By = 322.5000 µT, Bz = 49.8520 µT",,,,,,"11:42:45.167 -> Bx = 25.5000 µT, By = 593.4000 µT, Bz = 32.9120 µT",,,,,,,"11:43:17.017 -> Bx = 52.2000 µT, By = 924.3001 µT, Bz = 11.6160 µT",,,,,,,"11:43:48.000 -> Bx = 83.4000 µT, By = 1413.6000 µT, Bz = -17.9080 µT",,,,,,,"11:44:56.245 -> Bx = 118.2000 µT, By = 2115.9001 µT, Bz = -51.7880 µT",,,,,,,"11:45:40.066 -> Bx = 139.5000 µT, By = 2302.2001 µT, Bz = -57.5960 µT",,,,,,,"11:46:05.287 -> Bx = 147.3000 µT, By = 2481.3000 µT, Bz = -62.4360 µT",,,,,,,"11:46:33.814 -> Bx = 157.8000 µT, By = 2672.7001 µT, Bz = -64.8560 µT",,,,,,,"11:47:01.934 -> Bx = 167.4000 µT, By = 2850.9001 µT, Bz = -65.3400 µT",,,,,,,"11:47:54.026 -> Bx = 177.9000 µT, By = 3000.6000 µT, Bz = -62.9200 µT",,,,,,"11:48:25.882 -> Bx = 186.0000 µT, By = 3149.7001 µT, Bz = -56.6280 µT",,,,,,"11:48:49.432 -> Bx = 192.3000 µT, By = 3259.8000 µT, Bz = -45.4960 µT",,,,,,,"11:50:38.621 -> Bx = 202.8000 µT, By = 3349.2001 µT, Bz = -42.5920 µT",,,,,,,"11:51:27.820 -> Bx = 216.6000 µT, By = 3403.8000 µT, Bz = -35.3320 µT",,,,,,,"11:52:02.543 -> Bx = 228.9000 µT, By = 3445.2001 µT, Bz = -23.7160 µT",,,,,,,"11:52:31.086 -> Bx = 242.4000 µT, By = 3470.4001 µT, Bz = -8.7120 µT",,,,,,,"11:53:04.568 -> Bx = 252.0000 µT, By = 3471.3000 µT, Bz = 2.4200 µT",,,,,,,"11:53:33.931 -> Bx = 256.5000 µT, By = 3455.4001 µT, Bz = 15.0040 µT",,,,,,"11:54:09.899 -> Bx = 257.7000 µT, By = 3408.0002 µT, Bz = 30.4920 µT",,,,,,"11:55:10.270 -> Bx = 251.7000 µT, By = 3337.5002 µT, Bz = 44.0440 µT",,,,,,"11:55:39.630 -> Bx = 244.2000 µT, By = 3250.5002 µT, Bz = 58.0800 µT",,,,,,"11:56:13.130 -> Bx = 234.3000 µT, By = 3135.3000 µT, Bz = 71.1480 µT",,,,,,"11:56:52.835 -> Bx = 221.4000 µT, By = 2987.1000 µT, Bz = 81.7960 µT",,,,,,"11:57:21.759 -> Bx = 199.5000 µT, By = 2832.3000 µT, Bz = 88.5720 µT",,,,,,"11:57:44.523 -> Bx = 183.0000 µT, By = 2649.3000 µT, Bz = 94.3800 µT",,,,,,"11:58:15.516 -> Bx = 175.2000 µT, By = 2447.4001 µT, Bz = 99.7040 µT",,,,,,"11:58:41.565 -> Bx = 162.9000 µT, By = 2262.6000 µT, Bz = 99.7040 µT",,,,,,"11:59:05.147 -> Bx = 115.2000 µT, By = 1879.8000 µT, Bz = 91.4760 µT",,,,,,"11:59:31.185 -> Bx = 84.9000 µT, By = 1539.6000 µT, Bz = 90.5080 µT",,,,,,"11:59:56.821 -> Bx = 70.2000 µT, By = 1240.2000 µT, Bz = 85.1840 µT",,,,,,"12:00:22.896 -> Bx = 27.0000 µT, By = 646.8001 µT, Bz = 72.6000 µT"
,"11:42:07.127 -> Bx = 2.1000 µT, By = 322.8000 µT, Bz = 48.8840 µT",,,,,,"11:42:45.602 -> Bx = 25.8000 µT, By = 593.1000 µT, Bz = 31.9440 µT",,,,,,,"11:43:17.430 -> Bx = 52.5000 µT, By = 924.0001 µT, Bz = 11.6160 µT",,,,,,,"11:43:48.406 -> Bx = 84.0000 µT, By = 1414.8000 µT, Bz = -16.9400 µT",,,,,,,"11:44:56.638 -> Bx = 117.9000 µT, By = 2116.2001 µT, Bz = -50.8200 µT",,,,,,,"11:45:40.488 -> Bx = 139.2000 µT, By = 2301.6000 µT, Bz = -57.5960 µT",,,,,,,"11:46:05.685 -> Bx = 147.6000 µT, By = 2481.3000 µT, Bz = -62.4360 µT",,,,,,,"11:46:34.221 -> Bx = 158.1000 µT, By = 2672.1000 µT, Bz = -64.3720 µT",,,,,,,"11:47:02.356 -> Bx = 167.4000 µT, By = 2850.3000 µT, Bz = -65.3400 µT",,,,,,,"11:47:54.457 -> Bx = 177.6000 µT, By = 3001.2001 µT, Bz = -62.4360 µT",,,,,,"11:48:26.275 -> Bx = 185.7000 µT, By = 3148.8000 µT, Bz = -57.1120 µT",,,,,,"11:48:49.866 -> Bx = 192.6000 µT, By = 3259.8000 µT, Bz = -45.0120 µT",,,,,,,"11:50:39.011 -> Bx = 202.8000 µT, By = 3350.4001 µT, Bz = -43.0760 µT",,,,,,,"11:51:28.246 -> Bx = 215.1000 µT, By = 3404.1000 µT, Bz = -34.8480 µT",,,,,,,"11:52:02.978 -> Bx = 228.9000 µT, By = 3445.8000 µT, Bz = -24.2000 µT",,,,,,,"11:52:31.488 -> Bx = 241.8000 µT, By = 3470.4001 µT, Bz = -8.7120 µT",,,,,,,"11:53:04.988 -> Bx = 251.4000 µT, By = 3471.0002 µT, Bz = 2.4200 µT",,,,,,,"11:53:34.337 -> Bx = 255.9000 µT, By = 3453.9001 µT, Bz = 15.0040 µT",,,,,,"11:54:10.335 -> Bx = 257.4000 µT, By = 3408.6000 µT, Bz = 30.4920 µT",,,,,,"11:55:10.706 -> Bx = 252.6000 µT, By = 3338.4001 µT, Bz = 44.5280 µT",,,,,,"11:55:40.061 -> Bx = 244.2000 µT, By = 3249.6000 µT, Bz = 57.5960 µT",,,,,,"11:56:13.548 -> Bx = 234.9000 µT, By = 3134.7001 µT, Bz = 70.1800 µT",,,,,,"11:56:53.229 -> Bx = 220.5000 µT, By = 2986.2001 µT, Bz = 82.2800 µT",,,,,,"11:57:22.196 -> Bx = 201.9000 µT, By = 2831.7001 µT, Bz = 89.0560 µT",,,,,,"11:57:44.935 -> Bx = 183.3000 µT, By = 2649.3000 µT, Bz = 94.8640 µT",,,,,,"11:58:15.929 -> Bx = 175.5000 µT, By = 2447.7001 µT, Bz = 99.2200 µT",,,,,,"11:58:41.997 -> Bx = 162.6000 µT, By = 2263.2001 µT, Bz = 99.7040 µT",,,,,,"11:59:05.570 -> Bx = 115.5000 µT, By = 1879.5001 µT, Bz = 91.9600 µT",,,,,,"11:59:31.598 -> Bx = 84.9000 µT, By = 1539.0001 µT, Bz = 90.0240 µT",,,,,,"11:59:57.234 -> Bx = 69.9000 µT, By = 1240.2000 µT, Bz = 84.2160 µT",,,,,,"12:00:23.296 -> Bx = 27.0000 µT, By = 646.5000 µT, Bz = 72.1160 µT"
,"11:42:07.569 -> Bx = 2.7000 µT, By = 322.8000 µT, Bz = 49.8520 µT",,,,,,"11:42:46.000 -> Bx = 25.8000 µT, By = 593.7000 µT, Bz = 31.9440 µT",,,,,,,"11:43:17.832 -> Bx = 52.5000 µT, By = 924.3001 µT, Bz = 11.1320 µT",,,,,,,"11:43:48.849 -> Bx = 84.0000 µT, By = 1414.5000 µT, Bz = -17.4240 µT",,,,,,,"11:44:57.073 -> Bx = 118.5000 µT, By = 2115.9001 µT, Bz = -51.3040 µT",,,,,,,"11:45:40.884 -> Bx = 139.5000 µT, By = 2301.6000 µT, Bz = -57.1120 µT",,,,,,,"11:46:06.119 -> Bx = 147.6000 µT, By = 2481.3000 µT, Bz = -62.4360 µT",,,,,,,"11:46:34.652 -> Bx = 158.1000 µT, By = 2672.7001 µT, Bz = -64.3720 µT",,,,,,,"11:47:02.768 -> Bx = 167.1000 µT, By = 2850.6000 µT, Bz = -64.8560 µT",,,,,,,"11:47:54.849 -> Bx = 177.3000 µT, By = 3001.2001 µT, Bz = -62.4360 µT",,,,,,"11:48:26.705 -> Bx = 185.4000 µT, By = 3149.1000 µT, Bz = -56.6280 µT",,,,,,"11:48:50.284 -> Bx = 192.6000 µT, By = 3258.9001 µT, Bz = -45.4960 µT",,,,,,,"11:50:39.433 -> Bx = 203.7000 µT, By = 3350.4001 µT, Bz = -42.5920 µT",,,,,,,"11:51:28.643 -> Bx = 216.3000 µT, By = 3404.7001 µT, Bz = -34.8480 µT",,,,,,,"11:52:03.396 -> Bx = 228.6000 µT, By = 3446.4001 µT, Bz = -24.2000 µT",,,,,,,"11:52:31.897 -> Bx = 242.1000 µT, By = 3470.7001 µT, Bz = -8.7120 µT",,,,,,,"11:53:05.390 -> Bx = 251.7000 µT, By = 3471.0002 µT, Bz = 2.4200 µT",,,,,,,"11:53:34.746 -> Bx = 255.9000 µT, By = 3453.9001 µT, Bz = 15.4880 µT",,,,,,"11:54:10.753 -> Bx = 258.0000 µT, By = 3407.4001 µT, Bz = 30.0080 µT",,,,,,"11:55:11.101 -> Bx = 253.2000 µT, By = 3337.8000 µT, Bz = 44.5280 µT",,,,,,"11:55:40.478 -> Bx = 244.2000 µT, By = 3250.2001 µT, Bz = 57.1120 µT",,,,,,"11:56:13.963 -> Bx = 234.9000 µT, By = 3135.6000 µT, Bz = 70.6640 µT",,,,,,"11:56:53.653 -> Bx = 220.5000 µT, By = 2986.8000 µT, Bz = 82.2800 µT",,,,,,"11:57:22.611 -> Bx = 201.9000 µT, By = 2832.0000 µT, Bz = 88.0880 µT",,,,,,"11:57:45.355 -> Bx = 183.0000 µT, By = 2649.0000 µT, Bz = 94.8640 µT",,,,,,"11:58:16.343 -> Bx = 175.8000 µT, By = 2448.0000 µT, Bz = 98.7360 µT",,,,,,"11:58:42.409 -> Bx = 161.7000 µT, By = 2262.9001 µT, Bz = 99.2200 µT",,,,,,"11:59:05.972 -> Bx = 115.5000 µT, By = 1880.1000 µT, Bz = 91.9600 µT",,,,,,"11:59:32.012 -> Bx = 85.5000 µT, By = 1539.6000 µT, Bz = 90.0240 µT",,,,,,"11:59:57.645 -> Bx = 70.2000 µT, By = 1240.5000 µT, Bz = 84.2160 µT",,,,,,"12:00:23.692 -> Bx = 26.4000 µT, By = 646.2000 µT, Bz = 72.1160 µT"
,"11:42:07.951 -> Bx = 2.4000 µT, By = 322.5000 µT, Bz = 48.8840 µT",,,,,,"11:42:46.398 -> Bx = 25.8000 µT, By = 593.4000 µT, Bz = 31.4600 µT",,,,,,,"11:43:18.254 -> Bx = 54.3000 µT, By = 924.0001 µT, Bz = 11.6160 µT",,,,,,,"11:43:49.249 -> Bx = 83.7000 µT, By = 1414.2000 µT, Bz = -17.9080 µT",,,,,,,"11:44:57.471 -> Bx = 118.8000 µT, By = 2115.6000 µT, Bz = -51.3040 µT",,,,,,,"11:45:41.291 -> Bx = 139.2000 µT, By = 2302.5000 µT, Bz = -57.1120 µT",,,,,,,"11:46:06.532 -> Bx = 147.3000 µT, By = 2481.6000 µT, Bz = -62.4360 µT",,,,,,,"11:46:35.069 -> Bx = 157.8000 µT, By = 2672.4001 µT, Bz = -63.8880 µT",,,,,,,"11:47:03.189 -> Bx = 167.4000 µT, By = 2851.5000 µT, Bz = -65.3400 µT",,,,,,,"11:47:55.287 -> Bx = 177.6000 µT, By = 3001.2001 µT, Bz = -62.9200 µT",,,,,,"11:48:27.102 -> Bx = 185.7000 µT, By = 3149.4001 µT, Bz = -56.1440 µT",,,,,,"11:48:50.696 -> Bx = 192.3000 µT, By = 3260.1000 µT, Bz = -45.9800 µT",,,,,,,"11:50:39.854 -> Bx = 203.1000 µT, By = 3349.2001 µT, Bz = -43.0760 µT",,,,,,,"11:51:29.064 -> Bx = 215.7000 µT, By = 3404.4001 µT, Bz = -34.8480 µT",,,,,,,"11:52:03.804 -> Bx = 228.9000 µT, By = 3444.9001 µT, Bz = -24.2000 µT",,,,,,,"11:52:32.338 -> Bx = 241.8000 µT, By = 3470.7001 µT, Bz = -9.1960 µT",,,,,,,"11:53:05.835 -> Bx = 252.0000 µT, By = 3470.4001 µT, Bz = 2.9040 µT",,,,,,,"11:53:35.160 -> Bx = 255.6000 µT, By = 3453.6000 µT, Bz = 15.4880 µT",,,,,,"11:54:11.151 -> Bx = 258.0000 µT, By = 3407.7001 µT, Bz = 29.5240 µT",,,,,,"11:55:11.523 -> Bx = 253.5000 µT, By = 3338.1000 µT, Bz = 45.0120 µT",,,,,,"11:55:40.880 -> Bx = 244.2000 µT, By = 3249.6000 µT, Bz = 58.0800 µT",,,,,,"11:56:14.378 -> Bx = 234.6000 µT, By = 3133.8000 µT, Bz = 70.6640 µT",,,,,,"11:56:54.054 -> Bx = 220.8000 µT, By = 2986.5000 µT, Bz = 81.7960 µT",,,,,,"11:57:23.014 -> Bx = 201.9000 µT, By = 2831.4001 µT, Bz = 88.0880 µT",,,,,,"11:57:45.760 -> Bx = 183.6000 µT, By = 2649.3000 µT, Bz = 95.3480 µT",,,,,,"11:58:16.765 -> Bx = 174.9000 µT, By = 2448.3000 µT, Bz = 98.7360 µT",,,,,,"11:58:42.819 -> Bx = 163.8000 µT, By = 2262.3000 µT, Bz = 99.7040 µT",,,,,,"11:59:06.390 -> Bx = 115.5000 µT, By = 1879.8000 µT, Bz = 91.9600 µT",,,,,,"11:59:32.451 -> Bx = 85.2000 µT, By = 1539.3000 µT, Bz = 89.5400 µT",,,,,,"11:59:58.066 -> Bx = 70.2000 µT, By = 1240.5000 µT, Bz = 84.2160 µT",,,,,,"12:00:24.102 -> Bx = 26.4000 µT, By = 646.8001 µT, Bz = 72.1160 µT"
,"11:42:08.369 -> Bx = 2.4000 µT, By = 322.5000 µT, Bz = 49.8520 µT",,,,,,"11:42:46.810 -> Bx = 25.8000 µT, By = 593.4000 µT, Bz = 31.9440 µT",,,,,,,"11:43:18.652 -> Bx = 53.1000 µT, By = 924.3001 µT, Bz = 10.6480 µT",,,,,,,"11:43:49.667 -> Bx = 84.3000 µT, By = 1414.5000 µT, Bz = -17.9080 µT",,,,,,,"11:44:57.901 -> Bx = 118.5000 µT, By = 2115.9001 µT, Bz = -51.3040 µT",,,,,,,"11:45:41.703 -> Bx = 139.5000 µT, By = 2301.6000 µT, Bz = -57.5960 µT",,,,,,,"11:46:06.938 -> Bx = 147.3000 µT, By = 2481.3000 µT, Bz = -62.9200 µT",,,,,,,"11:46:35.485 -> Bx = 158.1000 µT, By = 2672.1000 µT, Bz = -64.8560 µT",,,,,,,"11:47:03.602 -> Bx = 167.1000 µT, By = 2850.9001 µT, Bz = -64.3720 µT",,,,,,,"11:47:55.675 -> Bx = 177.9000 µT, By = 3000.3000 µT, Bz = -62.9200 µT",,,,,,"11:48:27.516 -> Bx = 185.7000 µT, By = 3148.8000 µT, Bz = -56.6280 µT",,,,,,"11:48:51.088 -> Bx = 192.3000 µT, By = 3259.8000 µT, Bz = -45.9800 µT",,,,,,,"11:50:40.251 -> Bx = 202.8000 µT, By = 3349.8000 µT, Bz = -42.1080 µT",,,,,,,"11:51:29.461 -> Bx = 215.1000 µT, By = 3405.6000 µT, Bz = -34.3640 µT",,,,,,,"11:52:04.223 -> Bx = 228.9000 µT, By = 3445.2001 µT, Bz = -23.7160 µT",,,,,,,"11:52:32.745 -> Bx = 241.8000 µT, By = 3470.4001 µT, Bz = -9.1960 µT",,,,,,,"11:53:06.248 -> Bx = 251.4000 µT, By = 3470.7001 µT, Bz = 2.4200 µT",,,,,,,"11:53:35.586 -> Bx = 256.2000 µT, By = 3455.1000 µT, Bz = 15.4880 µT",,,,,,"11:54:11.573 -> Bx = 257.7000 µT, By = 3407.1000 µT, Bz = 30.4920 µT",,,,,,"11:55:11.952 -> Bx = 252.6000 µT, By = 3337.2001 µT, Bz = 44.0440 µT",,,,,,"11:55:41.298 -> Bx = 244.5000 µT, By = 3250.2001 µT, Bz = 57.1120 µT",,,,,,"11:56:14.793 -> Bx = 234.6000 µT, By = 3134.1000 µT, Bz = 71.1480 µT",,,,,,"11:56:54.479 -> Bx = 219.9000 µT, By = 2987.4001 µT, Bz = 82.7640 µT",,,,,,"11:57:23.414 -> Bx = 201.9000 µT, By = 2831.7001 µT, Bz = 88.0880 µT",,,,,,"11:57:46.178 -> Bx = 183.3000 µT, By = 2649.6000 µT, Bz = 94.8640 µT",,,,,,"11:58:17.180 -> Bx = 174.0000 µT, By = 2447.7001 µT, Bz = 99.7040 µT",,,,,,"11:58:43.253 -> Bx = 163.5000 µT, By = 2263.2001 µT, Bz = 99.2200 µT",,,,,,"11:59:06.791 -> Bx = 115.5000 µT, By = 1879.8000 µT, Bz = 91.4760 µT",,,,,,"11:59:32.868 -> Bx = 84.9000 µT, By = 1539.9000 µT, Bz = 89.5400 µT",,,,,,"11:59:58.479 -> Bx = 69.3000 µT, By = 1240.8000 µT, Bz = 84.2160 µT",,,,,,"12:00:24.548 -> Bx = 27.3000 µT, By = 646.8001 µT, Bz = 72.1160 µT"
,"11:42:08.780 -> Bx = 2.7000 µT, By = 322.5000 µT, Bz = 49.3680 µT",,,,,,"11:42:47.247 -> Bx = 26.1000 µT, By = 593.7000 µT, Bz = 31.9440 µT",,,,,,,"11:43:19.082 -> Bx = 52.8000 µT, By = 923.7000 µT, Bz = 11.6160 µT",,,,,,,"11:43:50.062 -> Bx = 84.3000 µT, By = 1414.2000 µT, Bz = -18.3920 µT",,,,,,,"11:44:58.305 -> Bx = 118.5000 µT, By = 2115.9001 µT, Bz = -51.3040 µT",,,,,,,"11:45:42.125 -> Bx = 139.5000 µT, By = 2301.3000 µT, Bz = -57.1120 µT",,,,,,,"11:46:07.368 -> Bx = 147.9000 µT, By = 2481.0000 µT, Bz = -61.4680 µT",,,,,,,"11:46:35.871 -> Bx = 158.1000 µT, By = 2672.7001 µT, Bz = -64.8560 µT",,,,,,,"11:47:04.016 -> Bx = 167.1000 µT, By = 2850.6000 µT, Bz = -65.3400 µT",,,,,,,"11:47:56.089 -> Bx = 178.5000 µT, By = 3000.9001 µT, Bz = -61.9520 µT",,,,,,"11:48:27.931 -> Bx = 185.7000 µT, By = 3148.8000 µT, Bz = -55.6600 µT",,,,,,"11:48:51.517 -> Bx = 192.6000 µT, By = 3259.8000 µT, Bz = -45.4960 µT",,,,,,,"11:50:40.684 -> Bx = 202.2000 µT, By = 3350.1000 µT, Bz = -42.1080 µT",,,,,,,"11:51:29.876 -> Bx = 215.4000 µT, By = 3404.1000 µT, Bz = -33.8800 µT",,,,,,,"11:52:04.617 -> Bx = 228.9000 µT, By = 3445.2001 µT, Bz = -24.2000 µT",,,,,,,"11:52:33.163 -> Bx = 242.1000 µT, By = 3470.4001 µT, Bz = -9.1960 µT",,,,,,,"11:53:06.635 -> Bx = 251.7000 µT, By = 3470.7001 µT, Bz = 2.9040 µT",,,,,,,"11:53:36.017 -> Bx = 256.2000 µT, By = 3455.1000 µT, Bz = 15.0040 µT",,,,,,"11:54:11.963 -> Bx = 257.7000 µT, By = 3407.7001 µT, Bz = 30.0080 µT",,,,,,"11:55:12.336 -> Bx = 253.2000 µT, By = 3337.5002 µT, Bz = 44.5280 µT",,,,,,"11:55:41.719 -> Bx = 244.2000 µT, By = 3250.8000 µT, Bz = 58.0800 µT",,,,,,"11:56:15.195 -> Bx = 234.9000 µT, By = 3134.7001 µT, Bz = 70.6640 µT",,,,,,"11:56:54.895 -> Bx = 220.8000 µT, By = 2986.2001 µT, Bz = 82.2800 µT",,,,,,"11:57:23.848 -> Bx = 202.5000 µT, By = 2831.7001 µT, Bz = 88.5720 µT",,,,,,"11:57:46.596 -> Bx = 183.0000 µT, By = 2649.6000 µT, Bz = 94.8640 µT",,,,,,"11:58:17.597 -> Bx = 174.3000 µT, By = 2447.4001 µT, Bz = 98.7360 µT",,,,,,"11:58:43.663 -> Bx = 163.8000 µT, By = 2263.8000 µT, Bz = 98.7360 µT",,,,,,"11:59:07.221 -> Bx = 115.2000 µT, By = 1879.5001 µT, Bz = 92.4440 µT",,,,,,"11:59:33.281 -> Bx = 85.2000 µT, By = 1539.6000 µT, Bz = 89.5400 µT",,,,,,"11:59:58.897 -> Bx = 69.9000 µT, By = 1240.5000 µT, Bz = 84.2160 µT",,,,,,"12:00:24.932 -> Bx = 26.7000 µT, By = 647.1000 µT, Bz = 71.6320 µT"
,"11:42:09.220 -> Bx = 3.0000 µT, By = 322.5000 µT, Bz = 49.3680 µT",,,,,,"11:42:47.666 -> Bx = 26.1000 µT, By = 593.4000 µT, Bz = 32.4280 µT",,,,,,,"11:43:19.487 -> Bx = 52.5000 µT, By = 924.0001 µT, Bz = 10.6480 µT",,,,,,,"11:43:50.500 -> Bx = 84.6000 µT, By = 1413.6000 µT, Bz = -17.9080 µT",,,,,,,"11:44:58.718 -> Bx = 118.8000 µT, By = 2115.6000 µT, Bz = -51.3040 µT",,,,,,,"11:45:42.564 -> Bx = 139.2000 µT, By = 2301.6000 µT, Bz = -58.0800 µT",,,,,,,"11:46:07.764 -> Bx = 148.2000 µT, By = 2481.6000 µT, Bz = -61.4680 µT",,,,,,,"11:46:36.286 -> Bx = 157.8000 µT, By = 2673.0000 µT, Bz = -64.8560 µT",,,,,,,"11:47:04.434 -> Bx = 167.7000 µT, By = 2850.9001 µT, Bz = -64.3720 µT",,,,,,,"11:47:56.507 -> Bx = 178.2000 µT, By = 3001.5000 µT, Bz = -61.9520 µT",,,,,,"11:48:28.363 -> Bx = 185.4000 µT, By = 3148.2001 µT, Bz = -56.1440 µT",,,,,,"11:48:51.919 -> Bx = 192.6000 µT, By = 3259.8000 µT, Bz = -45.4960 µT",,,,,,,"11:50:41.103 -> Bx = 202.8000 µT, By = 3349.5002 µT, Bz = -43.0760 µT",,,,,,,"11:51:30.317 -> Bx = 215.1000 µT, By = 3404.7001 µT, Bz = -33.8800 µT",,,,,,,"11:52:05.035 -> Bx = 228.9000 µT, By = 3445.2001 µT, Bz = -24.6840 µT",,,,,,,"11:52:33.573 -> Bx = 242.1000 µT, By = 3470.4001 µT, Bz = -9.6800 µT",,,,,,,"11:53:07.076 -> Bx = 251.1000 µT, By = 3471.0002 µT, Bz = 2.4200 µT",,,,,,,"11:53:36.402 -> Bx = 255.3000 µT, By = 3453.6000 µT, Bz = 15.9720 µT",,,,,,"11:54:12.376 -> Bx = 258.0000 µT, By = 3408.3000 µT, Bz = 30.0080 µT",,,,,,"11:55:12.754 -> Bx = 252.6000 µT, By = 3337.2001 µT, Bz = 44.5280 µT",,,,,,"11:55:42.117 -> Bx = 244.5000 µT, By = 3250.2001 µT, Bz = 57.5960 µT",,,,,,"11:56:15.601 -> Bx = 234.9000 µT, By = 3135.9001 µT, Bz = 70.6640 µT",,,,,,"11:56:55.315 -> Bx = 220.8000 µT, By = 2986.5000 µT, Bz = 82.2800 µT",,,,,,"11:57:24.247 -> Bx = 202.5000 µT, By = 2831.1000 µT, Bz = 88.0880 µT",,,,,,"11:57:46.988 -> Bx = 183.6000 µT, By = 2650.2001 µT, Bz = 94.8640 µT",,,,,,"11:58:18.027 -> Bx = 175.5000 µT, By = 2446.8000 µT, Bz = 98.7360 µT",,,,,,"11:58:44.080 -> Bx = 162.6000 µT, By = 2263.2001 µT, Bz = 99.2200 µT",,,,,,"11:59:07.649 -> Bx = 115.2000 µT, By = 1879.5001 µT, Bz = 91.9600 µT",,,,,,"11:59:33.670 -> Bx = 85.2000 µT, By = 1539.6000 µT, Bz = 89.0560 µT",,,,,,"11:59:59.312 -> Bx = 70.2000 µT, By = 1240.5000 µT, Bz = 84.2160 µT",,,,,,"12:00:25.344 -> Bx = 27.0000 µT, By = 647.1000 µT, Bz = 72.1160 µT"
,"11:42:09.616 -> Bx = 3.0000 µT, By = 322.5000 µT, Bz = 49.3680 µT",,,,,,"11:42:48.067 -> Bx = 25.5000 µT, By = 593.1000 µT, Bz = 32.4280 µT",,,,,,,"11:43:19.884 -> Bx = 52.8000 µT, By = 924.3001 µT, Bz = 10.6480 µT",,,,,,,"11:43:50.913 -> Bx = 84.6000 µT, By = 1413.9000 µT, Bz = -18.3920 µT",,,,,,,"11:44:59.120 -> Bx = 118.5000 µT, By = 2116.5000 µT, Bz = -51.3040 µT",,,,,,,"11:45:42.964 -> Bx = 139.8000 µT, By = 2301.0000 µT, Bz = -57.5960 µT",,,,,,,"11:46:08.186 -> Bx = 147.3000 µT, By = 2481.3000 µT, Bz = -62.4360 µT",,,,,,,"11:46:36.697 -> Bx = 158.1000 µT, By = 2673.0000 µT, Bz = -64.3720 µT",,,,,,,"11:47:04.836 -> Bx = 166.8000 µT, By = 2850.9001 µT, Bz = -64.3720 µT",,,,,,,"11:47:56.945 -> Bx = 177.6000 µT, By = 3000.9001 µT, Bz = -62.4360 µT",,,,,,"11:48:28.773 -> Bx = 186.0000 µT, By = 3149.1000 µT, Bz = -56.1440 µT",,,,,,"11:48:52.337 -> Bx = 192.6000 µT, By = 3259.5002 µT, Bz = -45.4960 µT",,,,,,,"11:50:41.500 -> Bx = 202.5000 µT, By = 3350.1000 µT, Bz = -42.1080 µT",,,,,,,"11:51:30.699 -> Bx = 215.4000 µT, By = 3403.8000 µT, Bz = -33.8800 µT",,,,,,,"11:52:05.440 -> Bx = 228.9000 µT, By = 3445.2001 µT, Bz = -23.7160 µT",,,,,,,"11:52:33.971 -> Bx = 242.1000 µT, By = 3470.7001 µT, Bz = -9.1960 µT",,,,,,,"11:53:07.458 -> Bx = 251.4000 µT, By = 3470.7001 µT, Bz = 2.4200 µT",,,,,,,"11:53:36.834 -> Bx = 256.2000 µT, By = 3454.5002 µT, Bz = 15.0040 µT",,,,,,"11:54:12.788 -> Bx = 257.7000 µT, By = 3407.4001 µT, Bz = 30.4920 µT",,,,,,"11:55:13.174 -> Bx = 252.9000 µT, By = 3338.1000 µT, Bz = 44.0440 µT",,,,,,"11:55:42.534 -> Bx = 244.5000 µT, By = 3250.2001 µT, Bz = 57.5960 µT",,,,,,"11:56:16.018 -> Bx = 234.0000 µT, By = 3134.4001 µT, Bz = 70.6640 µT",,,,,,"11:56:55.730 -> Bx = 220.2000 µT, By = 2986.5000 µT, Bz = 81.7960 µT",,,,,,,,,,,,"11:57:47.431 -> Bx = 183.0000 µT, By = 2649.9001 µT, Bz = 94.8640 µT",,,,,,"11:58:18.431 -> Bx = 175.5000 µT, By = 2447.4001 µT, Bz = 99.2200 µT",,,,,,"11:58:44.465 -> Bx = 163.8000 µT, By = 2262.9001 µT, Bz = 99.7040 µT",,,,,,"11:59:08.065 -> Bx = 115.8000 µT, By = 1879.8000 µT, Bz = 91.9600 µT",,,,,,"11:59:34.096 -> Bx = 83.1000 µT, By = 1542.0001 µT, Bz = 89.0560 µT",,,,,,"11:59:59.712 -> Bx = 70.2000 µT, By = 1240.2000 µT, Bz = 84.7000 µT",,,,,,"12:00:25.763 -> Bx = 26.4000 µT, By = 646.5000 µT, Bz = 71.6320 µT"
,"11:42:10.039 -> Bx = 3.0000 µT, By = 321.9000 µT, Bz = 49.3680 µT",,,,,,"11:42:48.484 -> Bx = 25.5000 µT, By = 593.4000 µT, Bz = 31.9440 µT",,,,,,,"11:43:20.320 -> Bx = 52.8000 µT, By = 924.3001 µT, Bz = 12.1000 µT",,,,,,,"11:43:51.334 -> Bx = 84.6000 µT, By = 1413.0000 µT, Bz = -17.9080 µT",,,,,,,"11:44:59.526 -> Bx = 118.5000 µT, By = 2115.9001 µT, Bz = -50.8200 µT",,,,,,,"11:45:43.370 -> Bx = 139.5000 µT, By = 2301.9001 µT, Bz = -57.5960 µT",,,,,,,"11:46:08.602 -> Bx = 147.6000 µT, By = 2481.6000 µT, Bz = -62.9200 µT",,,,,,,"11:46:37.135 -> Bx = 158.7000 µT, By = 2672.1000 µT, Bz = -64.8560 µT",,,,,,,"11:47:05.229 -> Bx = 167.1000 µT, By = 2850.6000 µT, Bz = -64.3720 µT",,,,,,,"11:47:57.360 -> Bx = 177.3000 µT, By = 3000.3000 µT, Bz = -62.4360 µT",,,,,,"11:48:29.193 -> Bx = 185.4000 µT, By = 3148.8000 µT, Bz = -56.6280 µT",,,,,,"11:48:52.766 -> Bx = 192.9000 µT, By = 3259.8000 µT, Bz = -45.4960 µT",,,,,,,"11:50:41.918 -> Bx = 203.1000 µT, By = 3349.2001 µT, Bz = -42.5920 µT",,,,,,,"11:51:31.136 -> Bx = 215.7000 µT, By = 3405.3000 µT, Bz = -34.8480 µT",,,,,,,"11:52:05.850 -> Bx = 228.9000 µT, By = 3446.1000 µT, Bz = -24.2000 µT",,,,,,,"11:52:34.388 -> Bx = 242.4000 µT, By = 3470.7001 µT, Bz = -8.7120 µT",,,,,,,"11:53:07.880 -> Bx = 251.4000 µT, By = 3470.4001 µT, Bz = 2.9040 µT",,,,,,,"11:53:37.262 -> Bx = 255.9000 µT, By = 3454.2001 µT, Bz = 14.5200 µT",,,,,,"11:54:13.223 -> Bx = 258.0000 µT, By = 3407.1000 µT, Bz = 30.4920 µT",,,,,,"11:55:13.604 -> Bx = 252.6000 µT, By = 3338.1000 µT, Bz = 44.0440 µT",,,,,,"11:55:42.937 -> Bx = 244.5000 µT, By = 3249.9001 µT, Bz = 58.0800 µT",,,,,,,,,,,,,,,,,,,,,,,,"11:57:47.828 -> Bx = 183.6000 µT, By = 2649.9001 µT, Bz = 94.8640 µT",,,,,,,,,,,,,,,,,,"11:59:08.465 -> Bx = 115.8000 µT, By = 1878.9000 µT, Bz = 92.9280 µT",,,,,,"11:59:34.514 -> Bx = 86.4000 µT, By = 1539.9000 µT, Bz = 89.0560 µT",,,,,,"12:00:00.137 -> Bx = 69.9000 µT, By = 1239.9000 µT, Bz = 84.7000 µT",,,,,,
,"11:42:10.464 -> Bx = 3.3000 µT, By = 322.8000 µT, Bz = 48.8840 µT",,,,,,"11:42:48.905 -> Bx = 25.5000 µT, By = 593.4000 µT, Bz = 31.9440 µT",,,,,,,"11:43:20.718 -> Bx = 52.8000 µT, By = 924.9000 µT, Bz = 12.5840 µT",,,,,,,"11:43:51.719 -> Bx = 84.6000 µT, By = 1414.2000 µT, Bz = -18.8760 µT",,,,,,,"11:44:59.942 -> Bx = 118.2000 µT, By = 2115.3000 µT, Bz = -51.3040 µT",,,,,,,"11:45:43.783 -> Bx = 141.0000 µT, By = 2301.3000 µT, Bz = -57.5960 µT",,,,,,,"11:46:09.003 -> Bx = 147.9000 µT, By = 2480.7001 µT, Bz = -61.9520 µT",,,,,,,"11:46:37.525 -> Bx = 158.7000 µT, By = 2672.1000 µT, Bz = -64.8560 µT",,,,,,,"11:47:05.651 -> Bx = 167.4000 µT, By = 2850.9001 µT, Bz = -64.3720 µT",,,,,,,"11:47:57.743 -> Bx = 177.9000 µT, By = 3000.6000 µT, Bz = -61.9520 µT",,,,,,"11:48:29.593 -> Bx = 185.7000 µT, By = 3149.1000 µT, Bz = -57.1120 µT",,,,,,"11:48:53.155 -> Bx = 192.6000 µT, By = 3258.9001 µT, Bz = -45.4960 µT",,,,,,,"11:50:42.333 -> Bx = 203.1000 µT, By = 3349.8000 µT, Bz = -42.5920 µT",,,,,,,"11:51:31.536 -> Bx = 215.4000 µT, By = 3404.4001 µT, Bz = -34.3640 µT",,,,,,,"11:52:06.270 -> Bx = 228.9000 µT, By = 3446.7001 µT, Bz = -23.7160 µT",,,,,,,"11:52:34.803 -> Bx = 242.1000 µT, By = 3471.3000 µT, Bz = -9.6800 µT",,,,,,,"11:53:08.293 -> Bx = 251.1000 µT, By = 3471.6000 µT, Bz = 2.4200 µT",,,,,,,"11:53:37.647 -> Bx = 256.5000 µT, By = 3454.8000 µT, Bz = 14.5200 µT",,,,,,"11:54:13.617 -> Bx = 257.7000 µT, By = 3408.3000 µT, Bz = 30.9760 µT",,,,,,"11:55:14.016 -> Bx = 252.6000 µT, By = 3337.5002 µT, Bz = 44.0440 µT",,,,,,"11:55:43.380 -> Bx = 244.2000 µT, By = 3250.5002 µT, Bz = 57.5960 µT",,,,,,,,,,,,,,,,,,,,,,,,,,,,,,,,,,,,,,,,,,"11:59:08.879 -> Bx = 115.2000 µT, By = 1879.5001 µT, Bz = 93.4120 µT",,,,,,"11:59:34.931 -> Bx = 85.8000 µT, By = 1539.9000 µT, Bz = 89.5400 µT",,,,,,"12:00:00.548 -> Bx = 69.9000 µT, By = 1240.5000 µT, Bz = 84.7000 µT",,,,,,
,"11:42:10.846 -> Bx = 3.3000 µT, By = 322.2000 µT, Bz = 49.3680 µT",,,,,,"11:42:49.301 -> Bx = 25.8000 µT, By = 593.4000 µT, Bz = 32.4280 µT",,,,,,,"11:43:21.133 -> Bx = 52.2000 µT, By = 924.0001 µT, Bz = 12.5840 µT",,,,,,,"11:43:52.134 -> Bx = 84.9000 µT, By = 1413.6000 µT, Bz = -18.3920 µT",,,,,,,"11:45:00.361 -> Bx = 118.2000 µT, By = 2115.6000 µT, Bz = -51.3040 µT",,,,,,,"11:45:44.194 -> Bx = 139.2000 µT, By = 2301.6000 µT, Bz = -58.0800 µT",,,,,,,"11:46:09.420 -> Bx = 147.6000 µT, By = 2481.0000 µT, Bz = -62.4360 µT",,,,,,,"11:46:37.962 -> Bx = 158.1000 µT, By = 2673.0000 µT, Bz = -64.8560 µT",,,,,,,"11:47:06.068 -> Bx = 166.8000 µT, By = 2851.2001 µT, Bz = -64.3720 µT",,,,,,,"11:47:58.164 -> Bx = 177.6000 µT, By = 3001.2001 µT, Bz = -62.4360 µT",,,,,,"11:48:30.027 -> Bx = 185.4000 µT, By = 3147.9001 µT, Bz = -56.1440 µT",,,,,,"11:48:53.581 -> Bx = 192.3000 µT, By = 3259.8000 µT, Bz = -45.4960 µT",,,,,,,"11:50:42.737 -> Bx = 202.8000 µT, By = 3349.8000 µT, Bz = -42.1080 µT",,,,,,,"11:51:31.951 -> Bx = 215.4000 µT, By = 3403.8000 µT, Bz = -34.3640 µT",,,,,,,"11:52:06.686 -> Bx = 229.2000 µT, By = 3445.5002 µT, Bz = -24.6840 µT",,,,,,,"11:52:35.218 -> Bx = 243.0000 µT, By = 3471.3000 µT, Bz = -9.6800 µT",,,,,,,"11:53:08.718 -> Bx = 251.4000 µT, By = 3470.7001 µT, Bz = 2.4200 µT",,,,,,,"11:53:38.065 -> Bx = 256.2000 µT, By = 3454.5002 µT, Bz = 14.5200 µT",,,,,,"11:54:14.051 -> Bx = 258.0000 µT, By = 3408.0002 µT, Bz = 30.9760 µT",,,,,,"11:55:14.406 -> Bx = 252.9000 µT, By = 3337.5002 µT, Bz = 44.5280 µT",,,,,,"11:55:43.771 -> Bx = 243.9000 µT, By = 3250.2001 µT, Bz = 58.0800 µT",,,,,,,,,,,,,,,,,,,,,,,,,,,,,,,,,,,,,,,,,,"11:59:09.297 -> Bx = 115.8000 µT, By = 1879.2000 µT, Bz = 95.3480 µT",,,,,,,,,,,,"12:00:00.961 -> Bx = 69.9000 µT, By = 1241.1000 µT, Bz = 84.7000 µT",,,,,,
,"11:42:11.282 -> Bx = 2.7000 µT, By = 322.5000 µT, Bz = 48.8840 µT",,,,,,"11:42:49.733 -> Bx = 26.1000 µT, By = 593.7000 µT, Bz = 31.9440 µT",,,,,,,"11:43:21.538 -> Bx = 52.2000 µT, By = 924.3001 µT, Bz = 13.0680 µT",,,,,,,"11:43:52.544 -> Bx = 84.6000 µT, By = 1413.6000 µT, Bz = -18.3920 µT",,,,,,,"11:45:00.790 -> Bx = 118.8000 µT, By = 2115.9001 µT, Bz = -51.3040 µT",,,,,,,"11:45:44.611 -> Bx = 141.0000 µT, By = 2301.3000 µT, Bz = -58.0800 µT",,,,,,,"11:46:09.851 -> Bx = 147.6000 µT, By = 2481.9001 µT, Bz = -62.9200 µT",,,,,,,"11:46:38.360 -> Bx = 157.8000 µT, By = 2672.4001 µT, Bz = -64.3720 µT",,,,,,,"11:47:06.487 -> Bx = 166.8000 µT, By = 2850.0000 µT, Bz = -64.3720 µT",,,,,,,"11:47:58.596 -> Bx = 177.3000 µT, By = 3000.9001 µT, Bz = -62.9200 µT",,,,,,,,,,,,"11:48:53.999 -> Bx = 191.7000 µT, By = 3259.2001 µT, Bz = -45.0120 µT",,,,,,,"11:50:43.152 -> Bx = 203.1000 µT, By = 3348.6000 µT, Bz = -42.5920 µT",,,,,,,"11:51:32.369 -> Bx = 215.1000 µT, By = 3404.4001 µT, Bz = -34.8480 µT",,,,,,,"11:52:07.090 -> Bx = 228.9000 µT, By = 3445.5002 µT, Bz = -24.2000 µT",,,,,,,"11:52:35.621 -> Bx = 242.7000 µT, By = 3470.4001 µT, Bz = -10.1640 µT",,,,,,,"11:53:09.136 -> Bx = 251.1000 µT, By = 3470.4001 µT, Bz = 2.4200 µT",,,,,,,"11:53:38.495 -> Bx = 256.8000 µT, By = 3455.1000 µT, Bz = 14.0360 µT",,,,,,"11:54:14.469 -> Bx = 258.0000 µT, By = 3408.0002 µT, Bz = 30.4920 µT",,,,,,"11:55:14.835 -> Bx = 252.3000 µT, By = 3337.5002 µT, Bz = 44.5280 µT",,,,,,"11:55:44.197 -> Bx = 244.5000 µT, By = 3250.8000 µT, Bz = 57.5960 µT",,,,,,,,,,,,,,,,,,,,,,,,,,,,,,,,,,,,,,,,,,,,,,,,,,,,,,,,,,,,
,"11:42:11.699 -> Bx = 3.3000 µT, By = 322.2000 µT, Bz = 49.3680 µT",,,,,,"11:42:50.134 -> Bx = 25.5000 µT, By = 593.4000 µT, Bz = 32.4280 µT",,,,,,,"11:43:21.977 -> Bx = 51.9000 µT, By = 924.3001 µT, Bz = 12.5840 µT",,,,,,,"11:43:52.969 -> Bx = 84.3000 µT, By = 1413.6000 µT, Bz = -17.9080 µT",,,,,,,"11:45:01.196 -> Bx = 118.5000 µT, By = 2115.9001 µT, Bz = -51.7880 µT",,,,,,,"11:45:45.025 -> Bx = 138.9000 µT, By = 2301.3000 µT, Bz = -58.0800 µT",,,,,,,"11:46:10.246 -> Bx = 147.3000 µT, By = 2481.0000 µT, Bz = -61.4680 µT",,,,,,,"11:46:38.765 -> Bx = 158.1000 µT, By = 2672.7001 µT, Bz = -65.3400 µT",,,,,,,"11:47:06.904 -> Bx = 166.8000 µT, By = 2850.6000 µT, Bz = -64.3720 µT",,,,,,,"11:47:58.990 -> Bx = 177.3000 µT, By = 3001.2001 µT, Bz = -62.9200 µT",,,,,,,,,,,,"11:48:54.405 -> Bx = 192.3000 µT, By = 3259.2001 µT, Bz = -45.4960 µT",,,,,,,"11:50:43.586 -> Bx = 203.7000 µT, By = 3349.2001 µT, Bz = -43.5600 µT",,,,,,,,,,,,,,"11:52:07.529 -> Bx = 229.2000 µT, By = 3445.8000 µT, Bz = -23.7160 µT",,,,,,,"11:52:36.067 -> Bx = 243.0000 µT, By = 3470.4001 µT, Bz = -10.1640 µT",,,,,,,"11:53:09.524 -> Bx = 251.4000 µT, By = 3470.4001 µT, Bz = 2.9040 µT",,,,,,,"11:53:38.909 -> Bx = 256.5000 µT, By = 3454.8000 µT, Bz = 14.0360 µT",,,,,,"11:54:14.870 -> Bx = 257.7000 µT, By = 3408.3000 µT, Bz = 30.9760 µT",,,,,,"11:55:15.230 -> Bx = 252.6000 µT, By = 3336.9001 µT, Bz = 44.5280 µT",,,,,,"11:55:44.588 -> Bx = 244.5000 µT, By = 3251.1000 µT, Bz = 57.5960 µT",,,,,,,,,,,,,,,,,,,,,,,,,,,,,,,,,,,,,,,,,,,,,,,,,,,,,,,,,,,,
,"11:42:12.116 -> Bx = 3.6000 µT, By = 322.5000 µT, Bz = 48.8840 µT",,,,,,"11:42:50.530 -> Bx = 25.5000 µT, By = 593.7000 µT, Bz = 31.4600 µT",,,,,,,"11:43:22.393 -> Bx = 52.2000 µT, By = 924.6000 µT, Bz = 13.0680 µT",,,,,,,"11:43:53.387 -> Bx = 84.3000 µT, By = 1413.3000 µT, Bz = -17.9080 µT",,,,,,,,,,,,,,"11:45:45.443 -> Bx = 138.9000 µT, By = 2301.6000 µT, Bz = -57.1120 µT",,,,,,,"11:46:10.661 -> Bx = 147.6000 µT, By = 2481.3000 µT, Bz = -62.4360 µT",,,,,,,"11:46:39.204 -> Bx = 157.8000 µT, By = 2672.4001 µT, Bz = -65.3400 µT",,,,,,,"11:47:07.302 -> Bx = 166.5000 µT, By = 2851.2001 µT, Bz = -63.8880 µT",,,,,,,"11:47:59.429 -> Bx = 177.3000 µT, By = 3001.2001 µT, Bz = -61.4680 µT",,,,,,,,,,,,"11:48:54.811 -> Bx = 192.0000 µT, By = 3259.5002 µT, Bz = -45.9800 µT",,,,,,,"11:50:43.975 -> Bx = 203.1000 µT, By = 3349.2001 µT, Bz = -42.5920 µT",,,,,,,,,,,,,,"11:52:07.949 -> Bx = 228.9000 µT, By = 3446.1000 µT, Bz = -24.2000 µT",,,,,,,"11:52:36.452 -> Bx = 242.7000 µT, By = 3470.4001 µT, Bz = -10.1640 µT",,,,,,,"11:53:09.971 -> Bx = 251.4000 µT, By = 3471.0002 µT, Bz = 2.9040 µT",,,,,,,"11:53:39.314 -> Bx = 256.8000 µT, By = 3454.5002 µT, Bz = 13.5520 µT",,,,,,"11:54:15.286 -> Bx = 257.7000 µT, By = 3408.3000 µT, Bz = 30.4920 µT",,,,,,"11:55:15.650 -> Bx = 252.9000 µT, By = 3337.2001 µT, Bz = 44.5280 µT",,,,,,,,,,,,,,,,,,,,,,,,,,,,,,,,,,,,,,,,,,,,,,,,,,,,,,,,,,,,,,,,,,
,"11:42:12.517 -> Bx = 3.0000 µT, By = 322.5000 µT, Bz = 49.3680 µT",,,,,,"11:42:50.952 -> Bx = 25.2000 µT, By = 593.4000 µT, Bz = 31.9440 µT",,,,,,,"11:43:22.774 -> Bx = 51.3000 µT, By = 924.6000 µT, Bz = 13.5520 µT",,,,,,,"11:43:53.799 -> Bx = 84.3000 µT, By = 1414.2000 µT, Bz = -17.4240 µT",,,,,,,,,,,,,,,,,,,,,"11:46:11.079 -> Bx = 147.3000 µT, By = 2481.9001 µT, Bz = -61.9520 µT",,,,,,,"11:46:39.609 -> Bx = 157.8000 µT, By = 2672.4001 µT, Bz = -64.3720 µT",,,,,,,"11:47:07.734 -> Bx = 166.2000 µT, By = 2850.6000 µT, Bz = -63.8880 µT",,,,,,,"11:47:59.813 -> Bx = 177.3000 µT, By = 3001.5000 µT, Bz = -62.4360 µT",,,,,,,,,,,,"11:48:55.224 -> Bx = 192.3000 µT, By = 3259.5002 µT, Bz = -45.4960 µT",,,,,,,,,,,,,,,,,,,,,,,,,,,,"11:52:36.862 -> Bx = 243.6000 µT, By = 3471.0002 µT, Bz = -10.1640 µT",,,,,,,"11:53:10.371 -> Bx = 251.7000 µT, By = 3470.7001 µT, Bz = 2.4200 µT",,,,,,,"11:53:39.729 -> Bx = 256.5000 µT, By = 3454.5002 µT, Bz = 14.0360 µT",,,,,,"11:54:15.705 -> Bx = 258.0000 µT, By = 3408.3000 µT, Bz = 30.4920 µT",,,,,,"11:55:16.073 -> Bx = 252.6000 µT, By = 3337.8000 µT, Bz = 45.0120 µT",,,,,,,,,,,,,,,,,,,,,,,,,,,,,,,,,,,,,,,,,,,,,,,,,,,,,,,,,,,,,,,,,,
,"11:42:12.935 -> Bx = 3.9000 µT, By = 322.8000 µT, Bz = 49.8520 µT",,,,,,"11:42:51.385 -> Bx = 25.2000 µT, By = 593.7000 µT, Bz = 32.9120 µT",,,,,,,"11:43:23.201 -> Bx = 51.3000 µT, By = 924.0001 µT, Bz = 13.5520 µT",,,,,,,"11:43:54.203 -> Bx = 84.0000 µT, By = 1413.9000 µT, Bz = -17.4240 µT",,,,,,,,,,,,,,,,,,,,,"11:46:11.484 -> Bx = 147.3000 µT, By = 2481.3000 µT, Bz = -61.9520 µT",,,,,,,"11:46:40.007 -> Bx = 157.8000 µT, By = 2673.0000 µT, Bz = -65.3400 µT",,,,,,,"11:47:08.151 -> Bx = 166.5000 µT, By = 2850.3000 µT, Bz = -64.3720 µT",,,,,,,"11:48:00.245 -> Bx = 177.3000 µT, By = 3001.2001 µT, Bz = -61.9520 µT",,,,,,,,,,,,"11:48:55.649 -> Bx = 192.0000 µT, By = 3259.2001 µT, Bz = -45.4960 µT",,,,,,,,,,,,,,,,,,,,,,,,,,,,"11:52:37.276 -> Bx = 242.7000 µT, By = 3470.7001 µT, Bz = -10.6480 µT",,,,,,,"11:53:10.784 -> Bx = 251.7000 µT, By = 3471.0002 µT, Bz = 2.9040 µT",,,,,,,"11:53:40.148 -> Bx = 256.5000 µT, By = 3454.5002 µT, Bz = 14.0360 µT",,,,,,"11:54:16.103 -> Bx = 257.7000 µT, By = 3408.6000 µT, Bz = 30.4920 µT",,,,,,,,,,,,,,,,,,,,,,,,,,,,,,,,,,,,,,,,,,,,,,,,,,,,,,,,,,,,,,,,,,,,,,,,
,"11:42:13.349 -> Bx = 3.3000 µT, By = 322.2000 µT, Bz = 49.3680 µT",,,,,,"11:42:51.783 -> Bx = 25.2000 µT, By = 593.4000 µT, Bz = 32.4280 µT",,,,,,,"11:43:23.610 -> Bx = 51.3000 µT, By = 924.3001 µT, Bz = 14.5200 µT",,,,,,,"11:43:54.633 -> Bx = 84.3000 µT, By = 1414.5000 µT, Bz = -17.9080 µT",,,,,,,,,,,,,,,,,,,,,,,,,,,,"11:46:40.428 -> Bx = 158.7000 µT, By = 2672.7001 µT, Bz = -65.3400 µT",,,,,,,"11:47:08.563 -> Bx = 166.2000 µT, By = 2850.9001 µT, Bz = -63.8880 µT",,,,,,,,,,,,,,,,,,,"11:48:56.047 -> Bx = 192.0000 µT, By = 3259.5002 µT, Bz = -45.4960 µT",,,,,,,,,,,,,,,,,,,,,,,,,,,,"11:52:37.692 -> Bx = 243.3000 µT, By = 3471.0002 µT, Bz = -10.6480 µT",,,,,,,"11:53:11.197 -> Bx = 251.4000 µT, By = 3469.5002 µT, Bz = 2.9040 µT",,,,,,,"11:53:40.547 -> Bx = 256.8000 µT, By = 3454.8000 µT, Bz = 14.5200 µT",,,,,,"11:54:16.537 -> Bx = 257.7000 µT, By = 3408.3000 µT, Bz = 30.9760 µT",,,,,,,,,,,,,,,,,,,,,,,,,,,,,,,,,,,,,,,,,,,,,,,,,,,,,,,,,,,,,,,,,,,,,,,,
,"11:42:13.748 -> Bx = 3.3000 µT, By = 322.8000 µT, Bz = 49.3680 µT",,,,,,"11:42:52.201 -> Bx = 25.5000 µT, By = 593.4000 µT, Bz = 32.9120 µT",,,,,,,"11:43:24.044 -> Bx = 51.0000 µT, By = 924.6000 µT, Bz = 14.0360 µT",,,,,,,,,,,,,,,,,,,,,,,,,,,,,,,,,,,,,,,,,,"11:47:08.975 -> Bx = 167.1000 µT, By = 2850.3000 µT, Bz = -63.8880 µT",,,,,,,,,,,,,,,,,,,"11:48:56.480 -> Bx = 191.7000 µT, By = 3259.8000 µT, Bz = -45.4960 µT",,,,,,,,,,,,,,,,,,,,,,,,,,,,"11:52:38.123 -> Bx = 243.0000 µT, By = 3470.4001 µT, Bz = -10.6480 µT",,,,,,,"11:53:11.611 -> Bx = 251.7000 µT, By = 3470.4001 µT, Bz = 2.9040 µT",,,,,,,"11:53:40.964 -> Bx = 256.5000 µT, By = 3454.5002 µT, Bz = 14.0360 µT",,,,,,"11:54:16.954 -> Bx = 258.0000 µT, By = 3408.6000 µT, Bz = 30.4920 µT",,,,,,,,,,,,,,,,,,,,,,,,,,,,,,,,,,,,,,,,,,,,,,,,,,,,,,,,,,,,,,,,,,,,,,,,
,"11:42:14.184 -> Bx = 3.0000 µT, By = 322.5000 µT, Bz = 48.8840 µT",,,,,,"11:42:52.603 -> Bx = 25.2000 µT, By = 593.7000 µT, Bz = 32.9120 µT",,,,,,,"11:43:24.445 -> Bx = 51.3000 µT, By = 924.6000 µT, Bz = 15.0040 µT",,,,,,,,,,,,,,,,,,,,,,,,,,,,,,,,,,,,,,,,,,"11:47:09.389 -> Bx = 166.5000 µT, By = 2850.6000 µT, Bz = -63.4040 µT",,,,,,,,,,,,,,,,,,,"11:48:56.884 -> Bx = 192.3000 µT, By = 3259.5002 µT, Bz = -45.9800 µT",,,,,,,,,,,,,,,,,,,,,,,,,,,,,,,,,,,"11:53:12.013 -> Bx = 251.1000 µT, By = 3470.4001 µT, Bz = 2.4200 µT",,,,,,,"11:53:41.373 -> Bx = 256.5000 µT, By = 3454.2001 µT, Bz = 14.0360 µT",,,,,,,,,,,,,,,,,,,,,,,,,,,,,,,,,,,,,,,,,,,,,,,,,,,,,,,,,,,,,,,,,,,,,,,,,,,,,,
,"11:42:14.582 -> Bx = 3.0000 µT, By = 322.8000 µT, Bz = 48.4000 µT",,,,,,"11:42:53.032 -> Bx = 25.2000 µT, By = 593.7000 µT, Bz = 32.9120 µT",,,,,,,"11:43:24.867 -> Bx = 51.0000 µT, By = 924.0001 µT, Bz = 14.0360 µT",,,,,,,,,,,,,,,,,,,,,,,,,,,,,,,,,,,,,,,,,,"11:47:09.798 -> Bx = 171.9000 µT, By = 2850.0000 µT, Bz = -62.9200 µT",,,,,,,,,,,,,,,,,,,"11:48:57.305 -> Bx = 192.3000 µT, By = 3259.2001 µT, Bz = -45.9800 µT",,,,,,,,,,,,,,,,,,,,,,,,,,,,,,,,,,,"11:53:12.429 -> Bx = 251.4000 µT, By = 3471.0002 µT, Bz = 2.9040 µT",,,,,,,,,,,,,,,,,,,,,,,,,,,,,,,,,,,,,,,,,,,,,,,,,,,,,,,,,,,,,,,,,,,,,,,,,,,,,,,,,,,,,
,,,,,,,,,,,,,,"11:43:25.278 -> Bx = 52.5000 µT, By = 924.0001 µT, Bz = 14.5200 µT",,,,,,,,,,,,,,,,,,,,,,,,,,,,,,,,,,,,,,,,,,,,,,,,,,,,,,,,,,,,,"11:48:57.701 -> Bx = 192.0000 µT, By = 3259.8000 µT, Bz = -45.9800 µT",,,,,,,,,,,,,,,,,,,,,,,,,,,,,,,,,,,"11:53:12.843 -> Bx = 251.4000 µT, By = 3470.7001 µT, Bz = 1.9360 µT",,,,,,,,,,,,,,,,,,,,,,,,,,,,,,,,,,,,,,,,,,,,,,,,,,,,,,,,,,,,,,,,,,,,,,,,,,,,,,,,,,,,,
,,,,,,,,,,,,,,"11:43:25.677 -> Bx = 51.3000 µT, By = 924.3001 µT, Bz = 14.5200 µT",,,,,,,,,,,,,,,,,,,,,,,,,,,,,,,,,,,,,,,,,,,,,,,,,,,,,,,,,,,,,"11:48:58.132 -> Bx = 191.7000 µT, By = 3259.8000 µT, Bz = -45.496",,,,,,,,,,,,,,,,,,,,,,,,,,,,,,,,,,,"11:53:13.248 -> Bx = 251.7000 µT, By = 3470.4001 µT, Bz = 2.4200 µT",,,,,,,,,,,,,,,,,,,,,,,,,,,,,,,,,,,,,,,,,,,,,,,,,,,,,,,,,,,,,,,,,,,,,,,,,,,,,,,,,,,,,
,,,,,,,,,,,,,,"11:43:26.095 -> Bx = 50.7000 µT, By = 925.2000 µT, Bz = 15.0040 µT",,,,,,,,,,,,,,,,,,,,,,,,,,,,,,,,,,,,,,,,,,,,,,,,,,,,,,,,,,,,,,,,,,,,,,,,,,,,,,,,,,,,,,,,,,,,,,,,,,,,,,,,,,,,,,,,,,,,,,,,,,,,,,,,,,,,,,,,,,,,,,,,,,,,,,,,,,,,,,,,,,,,,,,,,,,,,,,,,,,,,
